--------------------------------------------------------
--  File created - Wednesday-November-20-2019   
--------------------------------------------------------
--------------------------------------------------------
--  DDL for Table NON_RESIDENT_APPLICANT
--------------------------------------------------------

  CREATE TABLE "TIZ18015"."NON_RESIDENT_APPLICANT" 
   (	"NON_RESIDENT_STREET" VARCHAR2(50 BYTE), 
	"NON_RESIDENT_CITY" CHAR(20 BYTE), 
	"NON_RESIDENT_STATE" CHAR(2 BYTE), 
	"NON_RESIDENT_ZIPCODE" CHAR(9 BYTE)
   ) SEGMENT CREATION IMMEDIATE 
  PCTFREE 10 PCTUSED 40 INITRANS 1 MAXTRANS 255 
 NOCOMPRESS LOGGING
  STORAGE(INITIAL 65536 NEXT 1048576 MINEXTENTS 1 MAXEXTENTS 2147483645
  PCTINCREASE 0 FREELISTS 1 FREELIST GROUPS 1
  BUFFER_POOL DEFAULT FLASH_CACHE DEFAULT CELL_FLASH_CACHE DEFAULT)
  TABLESPACE "USERS" ;

   COMMENT ON COLUMN "TIZ18015"."NON_RESIDENT_APPLICANT"."NON_RESIDENT_STREET" IS 'the primary key of Non_Resident_Applicant table,the people who is not that state people';
   COMMENT ON COLUMN "TIZ18015"."NON_RESIDENT_APPLICANT"."NON_RESIDENT_CITY" IS 'Non_Resident_City';
   COMMENT ON COLUMN "TIZ18015"."NON_RESIDENT_APPLICANT"."NON_RESIDENT_STATE" IS 'Non_Resident_State';
   COMMENT ON COLUMN "TIZ18015"."NON_RESIDENT_APPLICANT"."NON_RESIDENT_ZIPCODE" IS 'Non_Resident_ZipCode';
--------------------------------------------------------
--  DDL for Table NON_RESIDENT_ABUTTERS
--------------------------------------------------------

  CREATE TABLE "TIZ18015"."NON_RESIDENT_ABUTTERS" 
   (	"NR_ABUTTER_STREET" VARCHAR2(50 BYTE), 
	"NR_ABUTTER_CITY" CHAR(20 BYTE), 
	"NR_ABUTTER_STATE" CHAR(2 BYTE), 
	"NR_ABUTTER_CODE" CHAR(9 BYTE)
   ) SEGMENT CREATION IMMEDIATE 
  PCTFREE 10 PCTUSED 40 INITRANS 1 MAXTRANS 255 
 NOCOMPRESS LOGGING
  STORAGE(INITIAL 65536 NEXT 1048576 MINEXTENTS 1 MAXEXTENTS 2147483645
  PCTINCREASE 0 FREELISTS 1 FREELIST GROUPS 1
  BUFFER_POOL DEFAULT FLASH_CACHE DEFAULT CELL_FLASH_CACHE DEFAULT)
  TABLESPACE "USERS" ;

   COMMENT ON COLUMN "TIZ18015"."NON_RESIDENT_ABUTTERS"."NR_ABUTTER_STREET" IS 'the primary key of NR_Abutter_Street table, the street of the people who is not resident in that state';
   COMMENT ON COLUMN "TIZ18015"."NON_RESIDENT_ABUTTERS"."NR_ABUTTER_CITY" IS 'NR_Abutter_City';
   COMMENT ON COLUMN "TIZ18015"."NON_RESIDENT_ABUTTERS"."NR_ABUTTER_STATE" IS 'NR_Abutter_State';
   COMMENT ON COLUMN "TIZ18015"."NON_RESIDENT_ABUTTERS"."NR_ABUTTER_CODE" IS 'NR_Abutter_Code';
--------------------------------------------------------
--  DDL for Table APPLICANT_ADDRESS
--------------------------------------------------------

  CREATE TABLE "TIZ18015"."APPLICANT_ADDRESS" 
   (	"APPLICANT_ID" CHAR(5 BYTE), 
	"APPLICANT_STREET" VARCHAR2(50 BYTE), 
	"NON_RESIDENT_STREET" VARCHAR2(50 BYTE), 
	"APPLICANT_CITY" CHAR(20 BYTE), 
	"APPLICANT_STATE" CHAR(2 BYTE), 
	"APPLICANT_CODE" CHAR(9 BYTE)
   ) SEGMENT CREATION IMMEDIATE 
  PCTFREE 10 PCTUSED 40 INITRANS 1 MAXTRANS 255 
 NOCOMPRESS LOGGING
  STORAGE(INITIAL 65536 NEXT 1048576 MINEXTENTS 1 MAXEXTENTS 2147483645
  PCTINCREASE 0 FREELISTS 1 FREELIST GROUPS 1
  BUFFER_POOL DEFAULT FLASH_CACHE DEFAULT CELL_FLASH_CACHE DEFAULT)
  TABLESPACE "USERS" ;

   COMMENT ON COLUMN "TIZ18015"."APPLICANT_ADDRESS"."APPLICANT_ID" IS 'primary key of Applicant_Address table';
   COMMENT ON COLUMN "TIZ18015"."APPLICANT_ADDRESS"."APPLICANT_STREET" IS 'Applicant_street';
   COMMENT ON COLUMN "TIZ18015"."APPLICANT_ADDRESS"."NON_RESIDENT_STREET" IS 'the foreign key to the nonresident table';
   COMMENT ON COLUMN "TIZ18015"."APPLICANT_ADDRESS"."APPLICANT_CITY" IS 'Applicant_City';
   COMMENT ON COLUMN "TIZ18015"."APPLICANT_ADDRESS"."APPLICANT_STATE" IS 'Applicant_State';
   COMMENT ON COLUMN "TIZ18015"."APPLICANT_ADDRESS"."APPLICANT_CODE" IS 'Applicant_Code';
--------------------------------------------------------
--  DDL for Table ABUTTERS
--------------------------------------------------------

  CREATE TABLE "TIZ18015"."ABUTTERS" 
   (	"ABUTTER_STREET_ADDRESS" VARCHAR2(50 BYTE), 
	"NR_ABUTTER_STREET" VARCHAR2(50 BYTE), 
	"ABUTTER_CITY" CHAR(20 BYTE), 
	"ABUTTER_STATE" CHAR(2 BYTE), 
	"ABUTTER_ZIP_CODE" CHAR(9 BYTE)
   ) SEGMENT CREATION IMMEDIATE 
  PCTFREE 10 PCTUSED 40 INITRANS 1 MAXTRANS 255 
 NOCOMPRESS LOGGING
  STORAGE(INITIAL 65536 NEXT 1048576 MINEXTENTS 1 MAXEXTENTS 2147483645
  PCTINCREASE 0 FREELISTS 1 FREELIST GROUPS 1
  BUFFER_POOL DEFAULT FLASH_CACHE DEFAULT CELL_FLASH_CACHE DEFAULT)
  TABLESPACE "USERS" ;

   COMMENT ON COLUMN "TIZ18015"."ABUTTERS"."ABUTTER_STREET_ADDRESS" IS 'the primary key of abutters table, the abutter street';
   COMMENT ON COLUMN "TIZ18015"."ABUTTERS"."NR_ABUTTER_STREET" IS 'the foreign key to Non_Resident_Abutters table';
   COMMENT ON COLUMN "TIZ18015"."ABUTTERS"."ABUTTER_CITY" IS 'Abutter_City';
   COMMENT ON COLUMN "TIZ18015"."ABUTTERS"."ABUTTER_STATE" IS 'Abutter_State';
   COMMENT ON COLUMN "TIZ18015"."ABUTTERS"."ABUTTER_ZIP_CODE" IS 'Abutter_Zip_Code';
--------------------------------------------------------
--  DDL for Table APPLICANT_ABUTTER
--------------------------------------------------------

  CREATE TABLE "TIZ18015"."APPLICANT_ABUTTER" 
   (	"APLLICANT_ABUTTER_ID" CHAR(4 BYTE), 
	"ABUTTER_STREET_ADDRESS" VARCHAR2(50 BYTE), 
	"APPLICANT_ID" CHAR(5 BYTE)
   ) SEGMENT CREATION IMMEDIATE 
  PCTFREE 10 PCTUSED 40 INITRANS 1 MAXTRANS 255 
 NOCOMPRESS LOGGING
  STORAGE(INITIAL 65536 NEXT 1048576 MINEXTENTS 1 MAXEXTENTS 2147483645
  PCTINCREASE 0 FREELISTS 1 FREELIST GROUPS 1
  BUFFER_POOL DEFAULT FLASH_CACHE DEFAULT CELL_FLASH_CACHE DEFAULT)
  TABLESPACE "USERS" ;

   COMMENT ON COLUMN "TIZ18015"."APPLICANT_ABUTTER"."APLLICANT_ABUTTER_ID" IS 'the primary key of Apllicant_Abutter table';
   COMMENT ON COLUMN "TIZ18015"."APPLICANT_ABUTTER"."ABUTTER_STREET_ADDRESS" IS 'the foreign key to abutters table.';
   COMMENT ON COLUMN "TIZ18015"."APPLICANT_ABUTTER"."APPLICANT_ID" IS 'the foreign key to Applicant_Address';
REM INSERTING into TIZ18015.NON_RESIDENT_APPLICANT
SET DEFINE OFF;
Insert into TIZ18015.NON_RESIDENT_APPLICANT (NON_RESIDENT_STREET,NON_RESIDENT_CITY,NON_RESIDENT_STATE,NON_RESIDENT_ZIPCODE) values ('60 EASTHAM LN
','LONGMEADOW          ','MA','1106     ');
Insert into TIZ18015.NON_RESIDENT_APPLICANT (NON_RESIDENT_STREET,NON_RESIDENT_CITY,NON_RESIDENT_STATE,NON_RESIDENT_ZIPCODE) values ('115 QUINNEHTUK RD
','LONGMEADOW          ','MA','1106     ');
Insert into TIZ18015.NON_RESIDENT_APPLICANT (NON_RESIDENT_STREET,NON_RESIDENT_CITY,NON_RESIDENT_STATE,NON_RESIDENT_ZIPCODE) values ('18 SEVERN ST
','LONGMEADOW          ','MA','1106     ');
Insert into TIZ18015.NON_RESIDENT_APPLICANT (NON_RESIDENT_STREET,NON_RESIDENT_CITY,NON_RESIDENT_STATE,NON_RESIDENT_ZIPCODE) values ('1826 SEVILLE BLVD
H 1011','NAPLES              ','FL','34109    ');
Insert into TIZ18015.NON_RESIDENT_APPLICANT (NON_RESIDENT_STREET,NON_RESIDENT_CITY,NON_RESIDENT_STATE,NON_RESIDENT_ZIPCODE) values ('588 LONGMEADOW ST
','LONGMEADOW          ','MA','1106     ');
Insert into TIZ18015.NON_RESIDENT_APPLICANT (NON_RESIDENT_STREET,NON_RESIDENT_CITY,NON_RESIDENT_STATE,NON_RESIDENT_ZIPCODE) values ('444A NORTH MAIN STREET SUITE 234','EAST LONGMEADOW     ','MA','1028     ');
Insert into TIZ18015.NON_RESIDENT_APPLICANT (NON_RESIDENT_STREET,NON_RESIDENT_CITY,NON_RESIDENT_STATE,NON_RESIDENT_ZIPCODE) values ('100 THALIA DR',null,null,null);
Insert into TIZ18015.NON_RESIDENT_APPLICANT (NON_RESIDENT_STREET,NON_RESIDENT_CITY,NON_RESIDENT_STATE,NON_RESIDENT_ZIPCODE) values ('20 Williams Street ','LONGMEADOW          ','MA','1106     ');
Insert into TIZ18015.NON_RESIDENT_APPLICANT (NON_RESIDENT_STREET,NON_RESIDENT_CITY,NON_RESIDENT_STATE,NON_RESIDENT_ZIPCODE) values ('4 BATCHELDER ROAD
','WINDSOR             ','CT','6095     ');
REM INSERTING into TIZ18015.NON_RESIDENT_ABUTTERS
SET DEFINE OFF;
Insert into TIZ18015.NON_RESIDENT_ABUTTERS (NR_ABUTTER_STREET,NR_ABUTTER_CITY,NR_ABUTTER_STATE,NR_ABUTTER_CODE) values ('164 CRESTVIEW CR','LONGMEADOW          ','MA','01106    ');
Insert into TIZ18015.NON_RESIDENT_ABUTTERS (NR_ABUTTER_STREET,NR_ABUTTER_CITY,NR_ABUTTER_STATE,NR_ABUTTER_CODE) values ('19 PEARL ST
','Westfield           ','MA','01085    ');
Insert into TIZ18015.NON_RESIDENT_ABUTTERS (NR_ABUTTER_STREET,NR_ABUTTER_CITY,NR_ABUTTER_STATE,NR_ABUTTER_CODE) values ('588 LONGMEADOW ST
','LONGMEADOW          ','MA','01106    ');
Insert into TIZ18015.NON_RESIDENT_ABUTTERS (NR_ABUTTER_STREET,NR_ABUTTER_CITY,NR_ABUTTER_STATE,NR_ABUTTER_CODE) values ('PO BOX 60571
','LONGMEADOW          ','MA','01106    ');
Insert into TIZ18015.NON_RESIDENT_ABUTTERS (NR_ABUTTER_STREET,NR_ABUTTER_CITY,NR_ABUTTER_STATE,NR_ABUTTER_CODE) values ('60 EASTHAM LN
','LONGMEADOW          ','MA','01106    ');
Insert into TIZ18015.NON_RESIDENT_ABUTTERS (NR_ABUTTER_STREET,NR_ABUTTER_CITY,NR_ABUTTER_STATE,NR_ABUTTER_CODE) values ('115 QUINNEHTUK RD
','LONGMEADOW          ','MA','01106    ');
Insert into TIZ18015.NON_RESIDENT_ABUTTERS (NR_ABUTTER_STREET,NR_ABUTTER_CITY,NR_ABUTTER_STATE,NR_ABUTTER_CODE) values ('103 CRESCENT RD
','LONGMEADOW          ','MA','01106    ');
Insert into TIZ18015.NON_RESIDENT_ABUTTERS (NR_ABUTTER_STREET,NR_ABUTTER_CITY,NR_ABUTTER_STATE,NR_ABUTTER_CODE) values ('18 SEVERN ST
','LONGMEADOW          ','MA','01106    ');
Insert into TIZ18015.NON_RESIDENT_ABUTTERS (NR_ABUTTER_STREET,NR_ABUTTER_CITY,NR_ABUTTER_STATE,NR_ABUTTER_CODE) values ('1826 SEVILLE BLVD
H 1011
','Naples              ','FL','34109    ');
Insert into TIZ18015.NON_RESIDENT_ABUTTERS (NR_ABUTTER_STREET,NR_ABUTTER_CITY,NR_ABUTTER_STATE,NR_ABUTTER_CODE) values ('444A NORTH MAIN STREET
SUITE 234
','EAST LONGMEADOW     ','MA','01028    ');
Insert into TIZ18015.NON_RESIDENT_ABUTTERS (NR_ABUTTER_STREET,NR_ABUTTER_CITY,NR_ABUTTER_STATE,NR_ABUTTER_CODE) values ('20 Williams Street','LONGMEADOW          ','MA','01106    ');
Insert into TIZ18015.NON_RESIDENT_ABUTTERS (NR_ABUTTER_STREET,NR_ABUTTER_CITY,NR_ABUTTER_STATE,NR_ABUTTER_CODE) values ('100 THALIA DR ','Feeding Hills       ','MA','01030    ');
Insert into TIZ18015.NON_RESIDENT_ABUTTERS (NR_ABUTTER_STREET,NR_ABUTTER_CITY,NR_ABUTTER_STATE,NR_ABUTTER_CODE) values ('8950 CYPRESS WATERS BLVD
','Coppell             ','TX','75019    ');
Insert into TIZ18015.NON_RESIDENT_ABUTTERS (NR_ABUTTER_STREET,NR_ABUTTER_CITY,NR_ABUTTER_STATE,NR_ABUTTER_CODE) values ('4 BATCHELDER ROAD','Windsor             ','CT','06095    ');
Insert into TIZ18015.NON_RESIDENT_ABUTTERS (NR_ABUTTER_STREET,NR_ABUTTER_CITY,NR_ABUTTER_STATE,NR_ABUTTER_CODE) values ('171 PARK AVE
','West Springfield    ','MA','01089    ');
REM INSERTING into TIZ18015.APPLICANT_ADDRESS
SET DEFINE OFF;
Insert into TIZ18015.APPLICANT_ADDRESS (APPLICANT_ID,APPLICANT_STREET,NON_RESIDENT_STREET,APPLICANT_CITY,APPLICANT_STATE,APPLICANT_CODE) values ('A1   ','573 Longmeadow Street',null,'Longmeadow          ','MA','01106    ');
Insert into TIZ18015.APPLICANT_ADDRESS (APPLICANT_ID,APPLICANT_STREET,NON_RESIDENT_STREET,APPLICANT_CITY,APPLICANT_STATE,APPLICANT_CODE) values ('A2   ','577 Longmeadow Street',null,'Longmeadow          ','MA','01106    ');
Insert into TIZ18015.APPLICANT_ADDRESS (APPLICANT_ID,APPLICANT_STREET,NON_RESIDENT_STREET,APPLICANT_CITY,APPLICANT_STATE,APPLICANT_CODE) values ('A3   ','664 Longmeadow Street',null,'Longmeadow          ','MA','01106    ');
Insert into TIZ18015.APPLICANT_ADDRESS (APPLICANT_ID,APPLICANT_STREET,NON_RESIDENT_STREET,APPLICANT_CITY,APPLICANT_STATE,APPLICANT_CODE) values ('A4   ','674 Longmeadow Street',null,'Longmeadow          ','MA','01106    ');
Insert into TIZ18015.APPLICANT_ADDRESS (APPLICANT_ID,APPLICANT_STREET,NON_RESIDENT_STREET,APPLICANT_CITY,APPLICANT_STATE,APPLICANT_CODE) values ('A5   ','690 Longmeadow Street',null,'Longmeadow          ','MA','01106    ');
Insert into TIZ18015.APPLICANT_ADDRESS (APPLICANT_ID,APPLICANT_STREET,NON_RESIDENT_STREET,APPLICANT_CITY,APPLICANT_STATE,APPLICANT_CODE) values ('A6   ','702 Longmeadow Street',null,'Longmeadow          ','MA','01106    ');
Insert into TIZ18015.APPLICANT_ADDRESS (APPLICANT_ID,APPLICANT_STREET,NON_RESIDENT_STREET,APPLICANT_CITY,APPLICANT_STATE,APPLICANT_CODE) values ('A7   ','720 Longmeadow Street',null,'Longmeadow          ','MA','01106    ');
Insert into TIZ18015.APPLICANT_ADDRESS (APPLICANT_ID,APPLICANT_STREET,NON_RESIDENT_STREET,APPLICANT_CITY,APPLICANT_STATE,APPLICANT_CODE) values ('A8   ','730 Longmeadow Street',null,'Longmeadow          ','MA','01106    ');
Insert into TIZ18015.APPLICANT_ADDRESS (APPLICANT_ID,APPLICANT_STREET,NON_RESIDENT_STREET,APPLICANT_CITY,APPLICANT_STATE,APPLICANT_CODE) values ('A9   ','734 Longmeadow Street','60 EASTHAM LN
','Longmeadow          ','MA','01106    ');
Insert into TIZ18015.APPLICANT_ADDRESS (APPLICANT_ID,APPLICANT_STREET,NON_RESIDENT_STREET,APPLICANT_CITY,APPLICANT_STATE,APPLICANT_CODE) values ('A10  ','750 Longmeadow Street','115 QUINNEHTUK RD
','Longmeadow          ','MA','01106    ');
Insert into TIZ18015.APPLICANT_ADDRESS (APPLICANT_ID,APPLICANT_STREET,NON_RESIDENT_STREET,APPLICANT_CITY,APPLICANT_STATE,APPLICANT_CODE) values ('A11  ','756 Longmeadow Street',null,'Longmeadow          ','MA','01106    ');
Insert into TIZ18015.APPLICANT_ADDRESS (APPLICANT_ID,APPLICANT_STREET,NON_RESIDENT_STREET,APPLICANT_CITY,APPLICANT_STATE,APPLICANT_CODE) values ('A12  ','766 Longmeadow Street',null,'Longmeadow          ','MA','01106    ');
Insert into TIZ18015.APPLICANT_ADDRESS (APPLICANT_ID,APPLICANT_STREET,NON_RESIDENT_STREET,APPLICANT_CITY,APPLICANT_STATE,APPLICANT_CODE) values ('A13  ','776 Longmeadow Street',null,'Longmeadow          ','MA','01106    ');
Insert into TIZ18015.APPLICANT_ADDRESS (APPLICANT_ID,APPLICANT_STREET,NON_RESIDENT_STREET,APPLICANT_CITY,APPLICANT_STATE,APPLICANT_CODE) values ('A14  ','780 Longmeadow Street',null,'Longmeadow          ','MA','01106    ');
Insert into TIZ18015.APPLICANT_ADDRESS (APPLICANT_ID,APPLICANT_STREET,NON_RESIDENT_STREET,APPLICANT_CITY,APPLICANT_STATE,APPLICANT_CODE) values ('A15  ','788 Longmeadow Street',null,'Longmeadow          ','MA','01106    ');
Insert into TIZ18015.APPLICANT_ADDRESS (APPLICANT_ID,APPLICANT_STREET,NON_RESIDENT_STREET,APPLICANT_CITY,APPLICANT_STATE,APPLICANT_CODE) values ('A16  ','796 Longmeadow Street',null,'Longmeadow          ','MA','01106    ');
Insert into TIZ18015.APPLICANT_ADDRESS (APPLICANT_ID,APPLICANT_STREET,NON_RESIDENT_STREET,APPLICANT_CITY,APPLICANT_STATE,APPLICANT_CODE) values ('A17  ','812 Longmeadow Street','18 SEVERN ST
','Longmeadow          ','MA','01106    ');
Insert into TIZ18015.APPLICANT_ADDRESS (APPLICANT_ID,APPLICANT_STREET,NON_RESIDENT_STREET,APPLICANT_CITY,APPLICANT_STATE,APPLICANT_CODE) values ('A18  ','826 Longmeadow Street','1826 SEVILLE BLVD
H 1011','Longmeadow          ','MA','01106    ');
Insert into TIZ18015.APPLICANT_ADDRESS (APPLICANT_ID,APPLICANT_STREET,NON_RESIDENT_STREET,APPLICANT_CITY,APPLICANT_STATE,APPLICANT_CODE) values ('A19  ','836 Longmeadow Street',null,'Longmeadow          ','MA','01106    ');
Insert into TIZ18015.APPLICANT_ADDRESS (APPLICANT_ID,APPLICANT_STREET,NON_RESIDENT_STREET,APPLICANT_CITY,APPLICANT_STATE,APPLICANT_CODE) values ('A20  ','844 Longmeadow Street',null,'Longmeadow          ','MA','01106    ');
Insert into TIZ18015.APPLICANT_ADDRESS (APPLICANT_ID,APPLICANT_STREET,NON_RESIDENT_STREET,APPLICANT_CITY,APPLICANT_STATE,APPLICANT_CODE) values ('A21  ','862 Longmeadow Street',null,'Longmeadow          ','MA','01106    ');
Insert into TIZ18015.APPLICANT_ADDRESS (APPLICANT_ID,APPLICANT_STREET,NON_RESIDENT_STREET,APPLICANT_CITY,APPLICANT_STATE,APPLICANT_CODE) values ('A22  ','870 Longmeadow Street',null,'Longmeadow          ','MA','01106    ');
Insert into TIZ18015.APPLICANT_ADDRESS (APPLICANT_ID,APPLICANT_STREET,NON_RESIDENT_STREET,APPLICANT_CITY,APPLICANT_STATE,APPLICANT_CODE) values ('A23  ','878 Longmeadow Street',null,'Longmeadow          ','MA','01106    ');
Insert into TIZ18015.APPLICANT_ADDRESS (APPLICANT_ID,APPLICANT_STREET,NON_RESIDENT_STREET,APPLICANT_CITY,APPLICANT_STATE,APPLICANT_CODE) values ('A24  ','896 Longmeadow Street','588 LONGMEADOW ST
','Longmeadow          ','MA','01106    ');
Insert into TIZ18015.APPLICANT_ADDRESS (APPLICANT_ID,APPLICANT_STREET,NON_RESIDENT_STREET,APPLICANT_CITY,APPLICANT_STATE,APPLICANT_CODE) values ('A25  ','906 Longmeadow Street','588 LONGMEADOW ST
','Longmeadow          ','MA','01106    ');
Insert into TIZ18015.APPLICANT_ADDRESS (APPLICANT_ID,APPLICANT_STREET,NON_RESIDENT_STREET,APPLICANT_CITY,APPLICANT_STATE,APPLICANT_CODE) values ('A26  ','912 Longmeadow Street',null,'Longmeadow          ','MA','01106    ');
Insert into TIZ18015.APPLICANT_ADDRESS (APPLICANT_ID,APPLICANT_STREET,NON_RESIDENT_STREET,APPLICANT_CITY,APPLICANT_STATE,APPLICANT_CODE) values ('A27  ','918 Longmeadow Street',null,'Longmeadow          ','MA','01106    ');
Insert into TIZ18015.APPLICANT_ADDRESS (APPLICANT_ID,APPLICANT_STREET,NON_RESIDENT_STREET,APPLICANT_CITY,APPLICANT_STATE,APPLICANT_CODE) values ('A28  ','930 Longmeadow Street',null,'Longmeadow          ','MA','01106    ');
Insert into TIZ18015.APPLICANT_ADDRESS (APPLICANT_ID,APPLICANT_STREET,NON_RESIDENT_STREET,APPLICANT_CITY,APPLICANT_STATE,APPLICANT_CODE) values ('A29  ','942 Longmeadow Street',null,'Longmeadow          ','MA','01106    ');
Insert into TIZ18015.APPLICANT_ADDRESS (APPLICANT_ID,APPLICANT_STREET,NON_RESIDENT_STREET,APPLICANT_CITY,APPLICANT_STATE,APPLICANT_CODE) values ('A30  ','956 Longmeadow Street',null,'Longmeadow          ','MA','01106    ');
Insert into TIZ18015.APPLICANT_ADDRESS (APPLICANT_ID,APPLICANT_STREET,NON_RESIDENT_STREET,APPLICANT_CITY,APPLICANT_STATE,APPLICANT_CODE) values ('A31  ','37 Birnie Road',null,'Longmeadow          ','MA','01106    ');
Insert into TIZ18015.APPLICANT_ADDRESS (APPLICANT_ID,APPLICANT_STREET,NON_RESIDENT_STREET,APPLICANT_CITY,APPLICANT_STATE,APPLICANT_CODE) values ('A32  ','1028 Longmeadow Street',null,'Longmeadow          ','MA','01106    ');
Insert into TIZ18015.APPLICANT_ADDRESS (APPLICANT_ID,APPLICANT_STREET,NON_RESIDENT_STREET,APPLICANT_CITY,APPLICANT_STATE,APPLICANT_CODE) values ('A33  ','977 Longmeadow Street',null,'Longmeadow          ','MA','01106    ');
Insert into TIZ18015.APPLICANT_ADDRESS (APPLICANT_ID,APPLICANT_STREET,NON_RESIDENT_STREET,APPLICANT_CITY,APPLICANT_STATE,APPLICANT_CODE) values ('A34  ','961 Longmeadow Street',null,'Longmeadow          ','MA','01106    ');
Insert into TIZ18015.APPLICANT_ADDRESS (APPLICANT_ID,APPLICANT_STREET,NON_RESIDENT_STREET,APPLICANT_CITY,APPLICANT_STATE,APPLICANT_CODE) values ('A35  ','951 Longmeadow Street',null,'Longmeadow          ','MA','01106    ');
Insert into TIZ18015.APPLICANT_ADDRESS (APPLICANT_ID,APPLICANT_STREET,NON_RESIDENT_STREET,APPLICANT_CITY,APPLICANT_STATE,APPLICANT_CODE) values ('A36  ','931 Longmeadow Street',null,'Longmeadow          ','MA','01106    ');
Insert into TIZ18015.APPLICANT_ADDRESS (APPLICANT_ID,APPLICANT_STREET,NON_RESIDENT_STREET,APPLICANT_CITY,APPLICANT_STATE,APPLICANT_CODE) values ('A37  ','909 Longmeadow Street',null,'Longmeadow          ','MA','01106    ');
Insert into TIZ18015.APPLICANT_ADDRESS (APPLICANT_ID,APPLICANT_STREET,NON_RESIDENT_STREET,APPLICANT_CITY,APPLICANT_STATE,APPLICANT_CODE) values ('A38  ','891 Longmeadow Street',null,'Longmeadow          ','MA','01106    ');
Insert into TIZ18015.APPLICANT_ADDRESS (APPLICANT_ID,APPLICANT_STREET,NON_RESIDENT_STREET,APPLICANT_CITY,APPLICANT_STATE,APPLICANT_CODE) values ('A39  ','873 Longmeadow Street',null,'Longmeadow          ','MA','01106    ');
Insert into TIZ18015.APPLICANT_ADDRESS (APPLICANT_ID,APPLICANT_STREET,NON_RESIDENT_STREET,APPLICANT_CITY,APPLICANT_STATE,APPLICANT_CODE) values ('A40  ','859 Longmeadow Street',null,'Longmeadow          ','MA','01106    ');
Insert into TIZ18015.APPLICANT_ADDRESS (APPLICANT_ID,APPLICANT_STREET,NON_RESIDENT_STREET,APPLICANT_CITY,APPLICANT_STATE,APPLICANT_CODE) values ('A41  ','857 Longmeadow Street','444A NORTH MAIN STREET SUITE 234','Longmeadow          ','MA','01106    ');
Insert into TIZ18015.APPLICANT_ADDRESS (APPLICANT_ID,APPLICANT_STREET,NON_RESIDENT_STREET,APPLICANT_CITY,APPLICANT_STATE,APPLICANT_CODE) values ('A42  ','837 Longmeadow Street','20 Williams Street ','Longmeadow          ','MA','01106    ');
Insert into TIZ18015.APPLICANT_ADDRESS (APPLICANT_ID,APPLICANT_STREET,NON_RESIDENT_STREET,APPLICANT_CITY,APPLICANT_STATE,APPLICANT_CODE) values ('A43  ','797 Longmeadow Street',null,'Longmeadow          ','MA','01106    ');
Insert into TIZ18015.APPLICANT_ADDRESS (APPLICANT_ID,APPLICANT_STREET,NON_RESIDENT_STREET,APPLICANT_CITY,APPLICANT_STATE,APPLICANT_CODE) values ('A44  ','787 Longmeadow Street',null,'Longmeadow          ','MA','01106    ');
Insert into TIZ18015.APPLICANT_ADDRESS (APPLICANT_ID,APPLICANT_STREET,NON_RESIDENT_STREET,APPLICANT_CITY,APPLICANT_STATE,APPLICANT_CODE) values ('A45  ','777 Longmeadow Street',null,'Longmeadow          ','MA','01106    ');
Insert into TIZ18015.APPLICANT_ADDRESS (APPLICANT_ID,APPLICANT_STREET,NON_RESIDENT_STREET,APPLICANT_CITY,APPLICANT_STATE,APPLICANT_CODE) values ('A46  ','763 Longmeadow Street',null,'Longmeadow          ','MA','01106    ');
Insert into TIZ18015.APPLICANT_ADDRESS (APPLICANT_ID,APPLICANT_STREET,NON_RESIDENT_STREET,APPLICANT_CITY,APPLICANT_STATE,APPLICANT_CODE) values ('A47  ','30 Barbara Lane',null,'Weymouth            ','MA','02190    ');
Insert into TIZ18015.APPLICANT_ADDRESS (APPLICANT_ID,APPLICANT_STREET,NON_RESIDENT_STREET,APPLICANT_CITY,APPLICANT_STATE,APPLICANT_CODE) values ('A48  ','735 Longmeadow Street','20 Williams Street ','Longmeadow          ','MA','01106    ');
Insert into TIZ18015.APPLICANT_ADDRESS (APPLICANT_ID,APPLICANT_STREET,NON_RESIDENT_STREET,APPLICANT_CITY,APPLICANT_STATE,APPLICANT_CODE) values ('A49  ','20 Williams Street',null,'Mulbery             ','FL','33860    ');
Insert into TIZ18015.APPLICANT_ADDRESS (APPLICANT_ID,APPLICANT_STREET,NON_RESIDENT_STREET,APPLICANT_CITY,APPLICANT_STATE,APPLICANT_CODE) values ('A50  ','56 Williams Street',null,'Mulbery             ','FL','33860    ');
Insert into TIZ18015.APPLICANT_ADDRESS (APPLICANT_ID,APPLICANT_STREET,NON_RESIDENT_STREET,APPLICANT_CITY,APPLICANT_STATE,APPLICANT_CODE) values ('A51  ','60 Williams Street',null,'Mulbery             ','FL','33860    ');
Insert into TIZ18015.APPLICANT_ADDRESS (APPLICANT_ID,APPLICANT_STREET,NON_RESIDENT_STREET,APPLICANT_CITY,APPLICANT_STATE,APPLICANT_CODE) values ('A52  ','114 Williams Street',null,'Mulbery             ','FL','33860    ');
Insert into TIZ18015.APPLICANT_ADDRESS (APPLICANT_ID,APPLICANT_STREET,NON_RESIDENT_STREET,APPLICANT_CITY,APPLICANT_STATE,APPLICANT_CODE) values ('A53  ','715 Longmeadow Street','100 THALIA DR','Longmeadow          ','MA','01106    ');
Insert into TIZ18015.APPLICANT_ADDRESS (APPLICANT_ID,APPLICANT_STREET,NON_RESIDENT_STREET,APPLICANT_CITY,APPLICANT_STATE,APPLICANT_CODE) values ('A54  ','705 Longmeadow Street',null,'Longmeadow          ','MA','01106    ');
Insert into TIZ18015.APPLICANT_ADDRESS (APPLICANT_ID,APPLICANT_STREET,NON_RESIDENT_STREET,APPLICANT_CITY,APPLICANT_STATE,APPLICANT_CODE) values ('A55  ','697 Longmeadow Street','20 Williams Street ','Longmeadow          ','MA','01106    ');
Insert into TIZ18015.APPLICANT_ADDRESS (APPLICANT_ID,APPLICANT_STREET,NON_RESIDENT_STREET,APPLICANT_CITY,APPLICANT_STATE,APPLICANT_CODE) values ('A56  ','693 Longmeadow Street','20 Williams Street ','Longmeadow          ','MA','01106    ');
Insert into TIZ18015.APPLICANT_ADDRESS (APPLICANT_ID,APPLICANT_STREET,NON_RESIDENT_STREET,APPLICANT_CITY,APPLICANT_STATE,APPLICANT_CODE) values ('A57  ','679 Longmeadow Street',null,'Longmeadow          ','MA','01106    ');
Insert into TIZ18015.APPLICANT_ADDRESS (APPLICANT_ID,APPLICANT_STREET,NON_RESIDENT_STREET,APPLICANT_CITY,APPLICANT_STATE,APPLICANT_CODE) values ('A58  ','663 Longmeadow Street','4 BATCHELDER ROAD
','Longmeadow          ','MA','01106    ');
Insert into TIZ18015.APPLICANT_ADDRESS (APPLICANT_ID,APPLICANT_STREET,NON_RESIDENT_STREET,APPLICANT_CITY,APPLICANT_STATE,APPLICANT_CODE) values ('A59  ','655 Longmeadow Street',null,'Longmeadow          ','MA','01106    ');
REM INSERTING into TIZ18015.ABUTTERS
SET DEFINE OFF;
Insert into TIZ18015.ABUTTERS (ABUTTER_STREET_ADDRESS,NR_ABUTTER_STREET,ABUTTER_CITY,ABUTTER_STATE,ABUTTER_ZIP_CODE) values ('561 Longmeadow Street','164 CRESTVIEW CR','Longmeadow          ','MA','01106    ');
Insert into TIZ18015.ABUTTERS (ABUTTER_STREET_ADDRESS,NR_ABUTTER_STREET,ABUTTER_CITY,ABUTTER_STATE,ABUTTER_ZIP_CODE) values ('22 Greenacre Avenue',null,'Longmeadow          ','MA','01106    ');
Insert into TIZ18015.ABUTTERS (ABUTTER_STREET_ADDRESS,NR_ABUTTER_STREET,ABUTTER_CITY,ABUTTER_STATE,ABUTTER_ZIP_CODE) values ('551 Longmeadow Street','19 PEARL ST
','Longmeadow          ','MA','01106    ');
Insert into TIZ18015.ABUTTERS (ABUTTER_STREET_ADDRESS,NR_ABUTTER_STREET,ABUTTER_CITY,ABUTTER_STATE,ABUTTER_ZIP_CODE) values ('34 Greenacre Avenue',null,'Longmeadow          ','MA','01106    ');
Insert into TIZ18015.ABUTTERS (ABUTTER_STREET_ADDRESS,NR_ABUTTER_STREET,ABUTTER_CITY,ABUTTER_STATE,ABUTTER_ZIP_CODE) values ('585 Longmeadow Street','588 LONGMEADOW ST
','Longmeadow          ','MA','01106    ');
Insert into TIZ18015.ABUTTERS (ABUTTER_STREET_ADDRESS,NR_ABUTTER_STREET,ABUTTER_CITY,ABUTTER_STATE,ABUTTER_ZIP_CODE) values ('19 Greenacre Avenue','PO BOX 60571
','Longmeadow          ','MA','01106    ');
Insert into TIZ18015.ABUTTERS (ABUTTER_STREET_ADDRESS,NR_ABUTTER_STREET,ABUTTER_CITY,ABUTTER_STATE,ABUTTER_ZIP_CODE) values ('25 Greenacre Avenue',null,'Longmeadow          ','MA','01106    ');
Insert into TIZ18015.ABUTTERS (ABUTTER_STREET_ADDRESS,NR_ABUTTER_STREET,ABUTTER_CITY,ABUTTER_STATE,ABUTTER_ZIP_CODE) values ('609 Longmeadow Street',null,'Longmeadow          ','MA','01106    ');
Insert into TIZ18015.ABUTTERS (ABUTTER_STREET_ADDRESS,NR_ABUTTER_STREET,ABUTTER_CITY,ABUTTER_STATE,ABUTTER_ZIP_CODE) values ('674 Longmeadow Street',null,'Longmeadow          ','MA','01106    ');
Insert into TIZ18015.ABUTTERS (ABUTTER_STREET_ADDRESS,NR_ABUTTER_STREET,ABUTTER_CITY,ABUTTER_STATE,ABUTTER_ZIP_CODE) values ('28 Ely Road',null,'Hartford            ','CT','06103    ');
Insert into TIZ18015.ABUTTERS (ABUTTER_STREET_ADDRESS,NR_ABUTTER_STREET,ABUTTER_CITY,ABUTTER_STATE,ABUTTER_ZIP_CODE) values ('29 Wheelmeadow Drive',null,'Longmeadow          ','MA','01106    ');
Insert into TIZ18015.ABUTTERS (ABUTTER_STREET_ADDRESS,NR_ABUTTER_STREET,ABUTTER_CITY,ABUTTER_STATE,ABUTTER_ZIP_CODE) values ('45 Wheelmeadow Drive',null,'Longmeadow          ','MA','01106    ');
Insert into TIZ18015.ABUTTERS (ABUTTER_STREET_ADDRESS,NR_ABUTTER_STREET,ABUTTER_CITY,ABUTTER_STATE,ABUTTER_ZIP_CODE) values ('664 Longmeadow Street',null,'Longmeadow          ','MA','01106    ');
Insert into TIZ18015.ABUTTERS (ABUTTER_STREET_ADDRESS,NR_ABUTTER_STREET,ABUTTER_CITY,ABUTTER_STATE,ABUTTER_ZIP_CODE) values ('40 Ely Road',null,'Hartford            ','CT','06103    ');
Insert into TIZ18015.ABUTTERS (ABUTTER_STREET_ADDRESS,NR_ABUTTER_STREET,ABUTTER_CITY,ABUTTER_STATE,ABUTTER_ZIP_CODE) values ('23 Ely Road',null,'Hartford            ','CT','06103    ');
Insert into TIZ18015.ABUTTERS (ABUTTER_STREET_ADDRESS,NR_ABUTTER_STREET,ABUTTER_CITY,ABUTTER_STATE,ABUTTER_ZIP_CODE) values ('702 Longmeadow Street',null,'Longmeadow          ','MA','01106    ');
Insert into TIZ18015.ABUTTERS (ABUTTER_STREET_ADDRESS,NR_ABUTTER_STREET,ABUTTER_CITY,ABUTTER_STATE,ABUTTER_ZIP_CODE) values ('720 Longmeadow Street',null,'Longmeadow          ','MA','01106    ');
Insert into TIZ18015.ABUTTERS (ABUTTER_STREET_ADDRESS,NR_ABUTTER_STREET,ABUTTER_CITY,ABUTTER_STATE,ABUTTER_ZIP_CODE) values ('690 Longmeadow Street',null,'Longmeadow          ','MA','01106    ');
Insert into TIZ18015.ABUTTERS (ABUTTER_STREET_ADDRESS,NR_ABUTTER_STREET,ABUTTER_CITY,ABUTTER_STATE,ABUTTER_ZIP_CODE) values ('55 Ely Road',null,'Hartford            ','CT','06103    ');
Insert into TIZ18015.ABUTTERS (ABUTTER_STREET_ADDRESS,NR_ABUTTER_STREET,ABUTTER_CITY,ABUTTER_STATE,ABUTTER_ZIP_CODE) values ('730 Longmeadow Street',null,'Longmeadow          ','MA','01106    ');
Insert into TIZ18015.ABUTTERS (ABUTTER_STREET_ADDRESS,NR_ABUTTER_STREET,ABUTTER_CITY,ABUTTER_STATE,ABUTTER_ZIP_CODE) values ('734 Longmeadow Street','60 EASTHAM LN
','Longmeadow          ','MA','01106    ');
Insert into TIZ18015.ABUTTERS (ABUTTER_STREET_ADDRESS,NR_ABUTTER_STREET,ABUTTER_CITY,ABUTTER_STATE,ABUTTER_ZIP_CODE) values ('119 Ely Way',null,'Hartford            ','CT','06103    ');
Insert into TIZ18015.ABUTTERS (ABUTTER_STREET_ADDRESS,NR_ABUTTER_STREET,ABUTTER_CITY,ABUTTER_STATE,ABUTTER_ZIP_CODE) values ('132 Ely Way',null,'Hartford            ','CT','06103    ');
Insert into TIZ18015.ABUTTERS (ABUTTER_STREET_ADDRESS,NR_ABUTTER_STREET,ABUTTER_CITY,ABUTTER_STATE,ABUTTER_ZIP_CODE) values ('756 Longmeadow Street',null,'Longmeadow          ','MA','01106    ');
Insert into TIZ18015.ABUTTERS (ABUTTER_STREET_ADDRESS,NR_ABUTTER_STREET,ABUTTER_CITY,ABUTTER_STATE,ABUTTER_ZIP_CODE) values ('750 Longmeadow Street','115 QUINNEHTUK RD
','Longmeadow          ','MA','01106    ');
Insert into TIZ18015.ABUTTERS (ABUTTER_STREET_ADDRESS,NR_ABUTTER_STREET,ABUTTER_CITY,ABUTTER_STATE,ABUTTER_ZIP_CODE) values ('766 Longmeadow Street',null,'Longmeadow          ','MA','01106    ');
Insert into TIZ18015.ABUTTERS (ABUTTER_STREET_ADDRESS,NR_ABUTTER_STREET,ABUTTER_CITY,ABUTTER_STATE,ABUTTER_ZIP_CODE) values ('24 Chandler Avenue ',null,'Hartford            ','CT','06106    ');
Insert into TIZ18015.ABUTTERS (ABUTTER_STREET_ADDRESS,NR_ABUTTER_STREET,ABUTTER_CITY,ABUTTER_STATE,ABUTTER_ZIP_CODE) values ('52 Chandler Avenue',null,'Hartford            ','CT','06106    ');
Insert into TIZ18015.ABUTTERS (ABUTTER_STREET_ADDRESS,NR_ABUTTER_STREET,ABUTTER_CITY,ABUTTER_STATE,ABUTTER_ZIP_CODE) values ('120 Ely Way',null,'Hartford            ','CT','06103    ');
Insert into TIZ18015.ABUTTERS (ABUTTER_STREET_ADDRESS,NR_ABUTTER_STREET,ABUTTER_CITY,ABUTTER_STATE,ABUTTER_ZIP_CODE) values ('108 Ely Way',null,'Hartford            ','CT','06103    ');
Insert into TIZ18015.ABUTTERS (ABUTTER_STREET_ADDRESS,NR_ABUTTER_STREET,ABUTTER_CITY,ABUTTER_STATE,ABUTTER_ZIP_CODE) values ('90 Ely Way',null,'Hartford            ','CT','06103    ');
Insert into TIZ18015.ABUTTERS (ABUTTER_STREET_ADDRESS,NR_ABUTTER_STREET,ABUTTER_CITY,ABUTTER_STATE,ABUTTER_ZIP_CODE) values ('70 Ely Way',null,'Hartford            ','CT','06103    ');
Insert into TIZ18015.ABUTTERS (ABUTTER_STREET_ADDRESS,NR_ABUTTER_STREET,ABUTTER_CITY,ABUTTER_STATE,ABUTTER_ZIP_CODE) values ('60 Ely Way',null,'Hartford            ','CT','06103    ');
Insert into TIZ18015.ABUTTERS (ABUTTER_STREET_ADDRESS,NR_ABUTTER_STREET,ABUTTER_CITY,ABUTTER_STATE,ABUTTER_ZIP_CODE) values ('24 Chandler Avenue',null,'Hartford            ','CT','06106    ');
Insert into TIZ18015.ABUTTERS (ABUTTER_STREET_ADDRESS,NR_ABUTTER_STREET,ABUTTER_CITY,ABUTTER_STATE,ABUTTER_ZIP_CODE) values ('780 Longmeadow Street',null,'Longmeadow          ','MA','01106    ');
Insert into TIZ18015.ABUTTERS (ABUTTER_STREET_ADDRESS,NR_ABUTTER_STREET,ABUTTER_CITY,ABUTTER_STATE,ABUTTER_ZIP_CODE) values ('19 Chandler Avenue',null,'Hartford            ','CT','06106    ');
Insert into TIZ18015.ABUTTERS (ABUTTER_STREET_ADDRESS,NR_ABUTTER_STREET,ABUTTER_CITY,ABUTTER_STATE,ABUTTER_ZIP_CODE) values ('788 Longmeadow Street',null,'Longmeadow          ','MA','01106    ');
Insert into TIZ18015.ABUTTERS (ABUTTER_STREET_ADDRESS,NR_ABUTTER_STREET,ABUTTER_CITY,ABUTTER_STATE,ABUTTER_ZIP_CODE) values ('31 Chandler Avenue','103 CRESCENT RD
','Hartford            ','CT','06106    ');
Insert into TIZ18015.ABUTTERS (ABUTTER_STREET_ADDRESS,NR_ABUTTER_STREET,ABUTTER_CITY,ABUTTER_STATE,ABUTTER_ZIP_CODE) values ('776 Longmeadow Street',null,'Longmeadow          ','MA','01106    ');
Insert into TIZ18015.ABUTTERS (ABUTTER_STREET_ADDRESS,NR_ABUTTER_STREET,ABUTTER_CITY,ABUTTER_STATE,ABUTTER_ZIP_CODE) values ('796 Longmeadow Street',null,'Longmeadow          ','MA','01106    ');
Insert into TIZ18015.ABUTTERS (ABUTTER_STREET_ADDRESS,NR_ABUTTER_STREET,ABUTTER_CITY,ABUTTER_STATE,ABUTTER_ZIP_CODE) values ('808 Longmeadow Street',null,'Longmeadow          ','MA','01106    ');
Insert into TIZ18015.ABUTTERS (ABUTTER_STREET_ADDRESS,NR_ABUTTER_STREET,ABUTTER_CITY,ABUTTER_STATE,ABUTTER_ZIP_CODE) values ('810 Longmeadow Street',null,'Longmeadow          ','MA','01106    ');
Insert into TIZ18015.ABUTTERS (ABUTTER_STREET_ADDRESS,NR_ABUTTER_STREET,ABUTTER_CITY,ABUTTER_STATE,ABUTTER_ZIP_CODE) values ('812 Longmeadow Street','18 SEVERN ST
','Longmeadow          ','MA','01106    ');
Insert into TIZ18015.ABUTTERS (ABUTTER_STREET_ADDRESS,NR_ABUTTER_STREET,ABUTTER_CITY,ABUTTER_STATE,ABUTTER_ZIP_CODE) values ('822 Longmeadow Street',null,'Longmeadow          ','MA','01106    ');
Insert into TIZ18015.ABUTTERS (ABUTTER_STREET_ADDRESS,NR_ABUTTER_STREET,ABUTTER_CITY,ABUTTER_STATE,ABUTTER_ZIP_CODE) values ('826 Longmeadow Street','1826 SEVILLE BLVD
H 1011
','Longmeadow          ','MA','01106    ');
Insert into TIZ18015.ABUTTERS (ABUTTER_STREET_ADDRESS,NR_ABUTTER_STREET,ABUTTER_CITY,ABUTTER_STATE,ABUTTER_ZIP_CODE) values ('836 Longmeadow Street',null,'Longmeadow          ','MA','01106    ');
Insert into TIZ18015.ABUTTERS (ABUTTER_STREET_ADDRESS,NR_ABUTTER_STREET,ABUTTER_CITY,ABUTTER_STATE,ABUTTER_ZIP_CODE) values ('844 Longmeadow Street',null,'Longmeadow          ','MA','01106    ');
Insert into TIZ18015.ABUTTERS (ABUTTER_STREET_ADDRESS,NR_ABUTTER_STREET,ABUTTER_CITY,ABUTTER_STATE,ABUTTER_ZIP_CODE) values ('862 Longmeadow Street',null,'Longmeadow          ','MA','01106    ');
Insert into TIZ18015.ABUTTERS (ABUTTER_STREET_ADDRESS,NR_ABUTTER_STREET,ABUTTER_CITY,ABUTTER_STATE,ABUTTER_ZIP_CODE) values ('45 Farmlea Road','588 LONGMEADOW ST
','Longmeadow          ','MA','01106    ');
Insert into TIZ18015.ABUTTERS (ABUTTER_STREET_ADDRESS,NR_ABUTTER_STREET,ABUTTER_CITY,ABUTTER_STATE,ABUTTER_ZIP_CODE) values ('870 Longmeadow Street',null,'Longmeadow          ','MA','01106    ');
Insert into TIZ18015.ABUTTERS (ABUTTER_STREET_ADDRESS,NR_ABUTTER_STREET,ABUTTER_CITY,ABUTTER_STATE,ABUTTER_ZIP_CODE) values ('878 Longmeadow Street',null,'Longmeadow          ','MA','01106    ');
Insert into TIZ18015.ABUTTERS (ABUTTER_STREET_ADDRESS,NR_ABUTTER_STREET,ABUTTER_CITY,ABUTTER_STATE,ABUTTER_ZIP_CODE) values ('33 Farmlea Road','588 LONGMEADOW ST
','Longmeadow          ','MA','01106    ');
Insert into TIZ18015.ABUTTERS (ABUTTER_STREET_ADDRESS,NR_ABUTTER_STREET,ABUTTER_CITY,ABUTTER_STATE,ABUTTER_ZIP_CODE) values ('896 Longmeadow Street','588 LONGMEADOW ST
','Longmeadow          ','MA','01106    ');
Insert into TIZ18015.ABUTTERS (ABUTTER_STREET_ADDRESS,NR_ABUTTER_STREET,ABUTTER_CITY,ABUTTER_STATE,ABUTTER_ZIP_CODE) values ('906 Longmeadow Street','588 LONGMEADOW ST
','Longmeadow          ','MA','01106    ');
Insert into TIZ18015.ABUTTERS (ABUTTER_STREET_ADDRESS,NR_ABUTTER_STREET,ABUTTER_CITY,ABUTTER_STATE,ABUTTER_ZIP_CODE) values ('912 Longmeadow Street',null,'Longmeadow          ','MA','01106    ');
Insert into TIZ18015.ABUTTERS (ABUTTER_STREET_ADDRESS,NR_ABUTTER_STREET,ABUTTER_CITY,ABUTTER_STATE,ABUTTER_ZIP_CODE) values ('918 Longmeadow Street',null,'Longmeadow          ','MA','01106    ');
Insert into TIZ18015.ABUTTERS (ABUTTER_STREET_ADDRESS,NR_ABUTTER_STREET,ABUTTER_CITY,ABUTTER_STATE,ABUTTER_ZIP_CODE) values ('918 Longmeadow Steet',null,'Longmeadow          ','MA','01106    ');
Insert into TIZ18015.ABUTTERS (ABUTTER_STREET_ADDRESS,NR_ABUTTER_STREET,ABUTTER_CITY,ABUTTER_STATE,ABUTTER_ZIP_CODE) values ('30 Mayfair Drive ',null,'Bloomfield          ','CT','06002    ');
Insert into TIZ18015.ABUTTERS (ABUTTER_STREET_ADDRESS,NR_ABUTTER_STREET,ABUTTER_CITY,ABUTTER_STATE,ABUTTER_ZIP_CODE) values ('930 Longmeadow Street',null,'Longmeadow          ','MA','01106    ');
Insert into TIZ18015.ABUTTERS (ABUTTER_STREET_ADDRESS,NR_ABUTTER_STREET,ABUTTER_CITY,ABUTTER_STATE,ABUTTER_ZIP_CODE) values ('30 Mayfair Drive',null,'Bloomfield          ','CT','06002    ');
Insert into TIZ18015.ABUTTERS (ABUTTER_STREET_ADDRESS,NR_ABUTTER_STREET,ABUTTER_CITY,ABUTTER_STATE,ABUTTER_ZIP_CODE) values ('44 Birnie Road',null,'Longmeadow          ','MA','01106    ');
Insert into TIZ18015.ABUTTERS (ABUTTER_STREET_ADDRESS,NR_ABUTTER_STREET,ABUTTER_CITY,ABUTTER_STATE,ABUTTER_ZIP_CODE) values ('942 Longmeadow Street',null,'Longmeadow          ','MA','01106    ');
Insert into TIZ18015.ABUTTERS (ABUTTER_STREET_ADDRESS,NR_ABUTTER_STREET,ABUTTER_CITY,ABUTTER_STATE,ABUTTER_ZIP_CODE) values ('24 Birnie Road',null,'Longmeadow          ','MA','01106    ');
Insert into TIZ18015.ABUTTERS (ABUTTER_STREET_ADDRESS,NR_ABUTTER_STREET,ABUTTER_CITY,ABUTTER_STATE,ABUTTER_ZIP_CODE) values ('32 Birnie Road',null,'Longmeadow          ','MA','01106    ');
Insert into TIZ18015.ABUTTERS (ABUTTER_STREET_ADDRESS,NR_ABUTTER_STREET,ABUTTER_CITY,ABUTTER_STATE,ABUTTER_ZIP_CODE) values ('960 Longmeadow Street',null,'Longmeadow          ','MA','01106    ');
Insert into TIZ18015.ABUTTERS (ABUTTER_STREET_ADDRESS,NR_ABUTTER_STREET,ABUTTER_CITY,ABUTTER_STATE,ABUTTER_ZIP_CODE) values ('37 Birnie Road',null,'Longmeadow          ','MA','01106    ');
Insert into TIZ18015.ABUTTERS (ABUTTER_STREET_ADDRESS,NR_ABUTTER_STREET,ABUTTER_CITY,ABUTTER_STATE,ABUTTER_ZIP_CODE) values ('980 Longmeadow Street',null,'Longmeadow          ','MA','01106    ');
Insert into TIZ18015.ABUTTERS (ABUTTER_STREET_ADDRESS,NR_ABUTTER_STREET,ABUTTER_CITY,ABUTTER_STATE,ABUTTER_ZIP_CODE) values ('53 Birnie Road',null,'Longmeadow          ','MA','01106    ');
Insert into TIZ18015.ABUTTERS (ABUTTER_STREET_ADDRESS,NR_ABUTTER_STREET,ABUTTER_CITY,ABUTTER_STATE,ABUTTER_ZIP_CODE) values ('956 Longmeadow Street',null,'Longmeadow          ','MA','01106    ');
Insert into TIZ18015.ABUTTERS (ABUTTER_STREET_ADDRESS,NR_ABUTTER_STREET,ABUTTER_CITY,ABUTTER_STATE,ABUTTER_ZIP_CODE) values ('24 Crescent Road',null,'Glastonbury         ','CT','06033    ');
Insert into TIZ18015.ABUTTERS (ABUTTER_STREET_ADDRESS,NR_ABUTTER_STREET,ABUTTER_CITY,ABUTTER_STATE,ABUTTER_ZIP_CODE) values ('38 Crescent Road ',null,'Glastonbury         ','CT','06033    ');
Insert into TIZ18015.ABUTTERS (ABUTTER_STREET_ADDRESS,NR_ABUTTER_STREET,ABUTTER_CITY,ABUTTER_STATE,ABUTTER_ZIP_CODE) values ('46 Crescent Road',null,'Glastonbury         ','CT','06033    ');
Insert into TIZ18015.ABUTTERS (ABUTTER_STREET_ADDRESS,NR_ABUTTER_STREET,ABUTTER_CITY,ABUTTER_STATE,ABUTTER_ZIP_CODE) values ('65 Birnie Road',null,'Longmeadow          ','MA','01106    ');
Insert into TIZ18015.ABUTTERS (ABUTTER_STREET_ADDRESS,NR_ABUTTER_STREET,ABUTTER_CITY,ABUTTER_STATE,ABUTTER_ZIP_CODE) values ('1020 Longmeadow Street',null,'Longmeadow          ','MA','01106    ');
Insert into TIZ18015.ABUTTERS (ABUTTER_STREET_ADDRESS,NR_ABUTTER_STREET,ABUTTER_CITY,ABUTTER_STATE,ABUTTER_ZIP_CODE) values ('1006 Longmeadow Street',null,'Longmeadow          ','MA','01106    ');
Insert into TIZ18015.ABUTTERS (ABUTTER_STREET_ADDRESS,NR_ABUTTER_STREET,ABUTTER_CITY,ABUTTER_STATE,ABUTTER_ZIP_CODE) values ('169 Crescent Road',null,'Glastonbury         ','CT','06033    ');
Insert into TIZ18015.ABUTTERS (ABUTTER_STREET_ADDRESS,NR_ABUTTER_STREET,ABUTTER_CITY,ABUTTER_STATE,ABUTTER_ZIP_CODE) values ('131 Crescent Road',null,'Glastonbury         ','CT','06033    ');
Insert into TIZ18015.ABUTTERS (ABUTTER_STREET_ADDRESS,NR_ABUTTER_STREET,ABUTTER_CITY,ABUTTER_STATE,ABUTTER_ZIP_CODE) values ('985 Longmeadow Street',null,'Longmeadow          ','MA','01106    ');
Insert into TIZ18015.ABUTTERS (ABUTTER_STREET_ADDRESS,NR_ABUTTER_STREET,ABUTTER_CITY,ABUTTER_STATE,ABUTTER_ZIP_CODE) values ('961 Longmeadow Street',null,'Longmeadow          ','MA','01106    ');
Insert into TIZ18015.ABUTTERS (ABUTTER_STREET_ADDRESS,NR_ABUTTER_STREET,ABUTTER_CITY,ABUTTER_STATE,ABUTTER_ZIP_CODE) values ('951 Longmeadow Street',null,'Longmeadow          ','MA','01106    ');
Insert into TIZ18015.ABUTTERS (ABUTTER_STREET_ADDRESS,NR_ABUTTER_STREET,ABUTTER_CITY,ABUTTER_STATE,ABUTTER_ZIP_CODE) values ('977 Longmeadow Street',null,'Longmeadow          ','MA','01106    ');
Insert into TIZ18015.ABUTTERS (ABUTTER_STREET_ADDRESS,NR_ABUTTER_STREET,ABUTTER_CITY,ABUTTER_STATE,ABUTTER_ZIP_CODE) values ('17 Crestview Circle',null,'West Hartford       ','CT','06117    ');
Insert into TIZ18015.ABUTTERS (ABUTTER_STREET_ADDRESS,NR_ABUTTER_STREET,ABUTTER_CITY,ABUTTER_STATE,ABUTTER_ZIP_CODE) values ('29 Crestview Circle',null,'West Hartford       ','CT','06117    ');
Insert into TIZ18015.ABUTTERS (ABUTTER_STREET_ADDRESS,NR_ABUTTER_STREET,ABUTTER_CITY,ABUTTER_STATE,ABUTTER_ZIP_CODE) values ('30 Crestview Circle',null,'West Hartford       ','CT','06117    ');
Insert into TIZ18015.ABUTTERS (ABUTTER_STREET_ADDRESS,NR_ABUTTER_STREET,ABUTTER_CITY,ABUTTER_STATE,ABUTTER_ZIP_CODE) values ('55 Morningside Drive',null,'Hartford            ','CT','06112    ');
Insert into TIZ18015.ABUTTERS (ABUTTER_STREET_ADDRESS,NR_ABUTTER_STREET,ABUTTER_CITY,ABUTTER_STATE,ABUTTER_ZIP_CODE) values ('32 Morningside Drive',null,'Hartford            ','CT','06112    ');
Insert into TIZ18015.ABUTTERS (ABUTTER_STREET_ADDRESS,NR_ABUTTER_STREET,ABUTTER_CITY,ABUTTER_STATE,ABUTTER_ZIP_CODE) values ('56 Morningside Drive',null,'Hartford            ','CT','06112    ');
Insert into TIZ18015.ABUTTERS (ABUTTER_STREET_ADDRESS,NR_ABUTTER_STREET,ABUTTER_CITY,ABUTTER_STATE,ABUTTER_ZIP_CODE) values ('891 Longmeadow Street',null,'Longmeadow          ','MA','01106    ');
Insert into TIZ18015.ABUTTERS (ABUTTER_STREET_ADDRESS,NR_ABUTTER_STREET,ABUTTER_CITY,ABUTTER_STATE,ABUTTER_ZIP_CODE) values ('21 Green Meadow Drive',null,'Bloomfield          ','CT','06002    ');
Insert into TIZ18015.ABUTTERS (ABUTTER_STREET_ADDRESS,NR_ABUTTER_STREET,ABUTTER_CITY,ABUTTER_STATE,ABUTTER_ZIP_CODE) values ('909 Longmeadow Street',null,'Longmeadow          ','MA','01106    ');
Insert into TIZ18015.ABUTTERS (ABUTTER_STREET_ADDRESS,NR_ABUTTER_STREET,ABUTTER_CITY,ABUTTER_STATE,ABUTTER_ZIP_CODE) values ('53 Green Meadow Drive',null,'Bloomfield          ','CT','06002    ');
Insert into TIZ18015.ABUTTERS (ABUTTER_STREET_ADDRESS,NR_ABUTTER_STREET,ABUTTER_CITY,ABUTTER_STATE,ABUTTER_ZIP_CODE) values ('28 Green Meadow Drive',null,'Bloomfield          ','CT','06002    ');
Insert into TIZ18015.ABUTTERS (ABUTTER_STREET_ADDRESS,NR_ABUTTER_STREET,ABUTTER_CITY,ABUTTER_STATE,ABUTTER_ZIP_CODE) values ('48 Green Meadow Drive',null,'Bloomfield          ','CT','06002    ');
Insert into TIZ18015.ABUTTERS (ABUTTER_STREET_ADDRESS,NR_ABUTTER_STREET,ABUTTER_CITY,ABUTTER_STATE,ABUTTER_ZIP_CODE) values ('19 Longfellow Drive',null,'Longmeadow          ','MA','01106    ');
Insert into TIZ18015.ABUTTERS (ABUTTER_STREET_ADDRESS,NR_ABUTTER_STREET,ABUTTER_CITY,ABUTTER_STATE,ABUTTER_ZIP_CODE) values ('859 Longmeadow Street',null,'Longmeadow          ','MA','01106    ');
Insert into TIZ18015.ABUTTERS (ABUTTER_STREET_ADDRESS,NR_ABUTTER_STREET,ABUTTER_CITY,ABUTTER_STATE,ABUTTER_ZIP_CODE) values ('857 Longmeadow Street','444A NORTH MAIN STREET
SUITE 234
','Longmeadow          ','MA','01106    ');
Insert into TIZ18015.ABUTTERS (ABUTTER_STREET_ADDRESS,NR_ABUTTER_STREET,ABUTTER_CITY,ABUTTER_STATE,ABUTTER_ZIP_CODE) values ('873 Longmeadow Street',null,'Longmeadow          ','MA','01106    ');
Insert into TIZ18015.ABUTTERS (ABUTTER_STREET_ADDRESS,NR_ABUTTER_STREET,ABUTTER_CITY,ABUTTER_STATE,ABUTTER_ZIP_CODE) values ('29 Longfellow Drive',null,'Longmeadow          ','MA','01106    ');
Insert into TIZ18015.ABUTTERS (ABUTTER_STREET_ADDRESS,NR_ABUTTER_STREET,ABUTTER_CITY,ABUTTER_STATE,ABUTTER_ZIP_CODE) values ('797 Longmeadow Street',null,'Longmeadow          ','MA','01106    ');
Insert into TIZ18015.ABUTTERS (ABUTTER_STREET_ADDRESS,NR_ABUTTER_STREET,ABUTTER_CITY,ABUTTER_STATE,ABUTTER_ZIP_CODE) values ('44 Colton Place',null,'Hartford            ','CT','06112    ');
Insert into TIZ18015.ABUTTERS (ABUTTER_STREET_ADDRESS,NR_ABUTTER_STREET,ABUTTER_CITY,ABUTTER_STATE,ABUTTER_ZIP_CODE) values ('787 Longmeadow Street',null,'Longmeadow          ','MA','01106    ');
Insert into TIZ18015.ABUTTERS (ABUTTER_STREET_ADDRESS,NR_ABUTTER_STREET,ABUTTER_CITY,ABUTTER_STATE,ABUTTER_ZIP_CODE) values ('777 Longmeadow Street',null,'Longmeadow          ','MA','01106    ');
Insert into TIZ18015.ABUTTERS (ABUTTER_STREET_ADDRESS,NR_ABUTTER_STREET,ABUTTER_CITY,ABUTTER_STATE,ABUTTER_ZIP_CODE) values ('837 Longmeadow Street','20 Williams Street','Longmeadow          ','MA','01106    ');
Insert into TIZ18015.ABUTTERS (ABUTTER_STREET_ADDRESS,NR_ABUTTER_STREET,ABUTTER_CITY,ABUTTER_STATE,ABUTTER_ZIP_CODE) values ('763 Longmeadow Street',null,'Longmeadow          ','MA','01106    ');
Insert into TIZ18015.ABUTTERS (ABUTTER_STREET_ADDRESS,NR_ABUTTER_STREET,ABUTTER_CITY,ABUTTER_STATE,ABUTTER_ZIP_CODE) values ('56 Colton Place',null,'Hartford            ','CT','06112    ');
Insert into TIZ18015.ABUTTERS (ABUTTER_STREET_ADDRESS,NR_ABUTTER_STREET,ABUTTER_CITY,ABUTTER_STATE,ABUTTER_ZIP_CODE) values ('30 Barbara Lane',null,'Plantsville         ','CT','06479    ');
Insert into TIZ18015.ABUTTERS (ABUTTER_STREET_ADDRESS,NR_ABUTTER_STREET,ABUTTER_CITY,ABUTTER_STATE,ABUTTER_ZIP_CODE) values ('15 Parkside Street',null,'West Springfield    ','MA','01089    ');
Insert into TIZ18015.ABUTTERS (ABUTTER_STREET_ADDRESS,NR_ABUTTER_STREET,ABUTTER_CITY,ABUTTER_STATE,ABUTTER_ZIP_CODE) values ('20 Williams Street',null,'Hartford            ','CT','06120    ');
Insert into TIZ18015.ABUTTERS (ABUTTER_STREET_ADDRESS,NR_ABUTTER_STREET,ABUTTER_CITY,ABUTTER_STATE,ABUTTER_ZIP_CODE) values ('34 Williams Street','20 Williams Street','Hartford            ','CT','06120    ');
Insert into TIZ18015.ABUTTERS (ABUTTER_STREET_ADDRESS,NR_ABUTTER_STREET,ABUTTER_CITY,ABUTTER_STATE,ABUTTER_ZIP_CODE) values ('715 Longmeadow Street','100 THALIA DR ','Longmeadow          ','MA','01106    ');
Insert into TIZ18015.ABUTTERS (ABUTTER_STREET_ADDRESS,NR_ABUTTER_STREET,ABUTTER_CITY,ABUTTER_STATE,ABUTTER_ZIP_CODE) values ('705 Longmeadow Street',null,'Longmeadow          ','MA','01106    ');
Insert into TIZ18015.ABUTTERS (ABUTTER_STREET_ADDRESS,NR_ABUTTER_STREET,ABUTTER_CITY,ABUTTER_STATE,ABUTTER_ZIP_CODE) values ('44 Williams Street','20 Williams Street','Hartford            ','CT','06120    ');
Insert into TIZ18015.ABUTTERS (ABUTTER_STREET_ADDRESS,NR_ABUTTER_STREET,ABUTTER_CITY,ABUTTER_STATE,ABUTTER_ZIP_CODE) values ('735 Longmeadow Street','20 Williams Street','Longmeadow          ','MA','01106    ');
Insert into TIZ18015.ABUTTERS (ABUTTER_STREET_ADDRESS,NR_ABUTTER_STREET,ABUTTER_CITY,ABUTTER_STATE,ABUTTER_ZIP_CODE) values ('60 Williams Street',null,'Hartford            ','CT','06120    ');
Insert into TIZ18015.ABUTTERS (ABUTTER_STREET_ADDRESS,NR_ABUTTER_STREET,ABUTTER_CITY,ABUTTER_STATE,ABUTTER_ZIP_CODE) values ('78 Williams Street',null,'Hartford            ','CT','06120    ');
Insert into TIZ18015.ABUTTERS (ABUTTER_STREET_ADDRESS,NR_ABUTTER_STREET,ABUTTER_CITY,ABUTTER_STATE,ABUTTER_ZIP_CODE) values ('50 Williams Street',null,'Hartford            ','CT','06120    ');
Insert into TIZ18015.ABUTTERS (ABUTTER_STREET_ADDRESS,NR_ABUTTER_STREET,ABUTTER_CITY,ABUTTER_STATE,ABUTTER_ZIP_CODE) values ('693 Longmeadow Street','20 Williams Street','Longmeadow          ','MA','01106    ');
Insert into TIZ18015.ABUTTERS (ABUTTER_STREET_ADDRESS,NR_ABUTTER_STREET,ABUTTER_CITY,ABUTTER_STATE,ABUTTER_ZIP_CODE) values ('96 Williams Street',null,'Hartford            ','CT','06120    ');
Insert into TIZ18015.ABUTTERS (ABUTTER_STREET_ADDRESS,NR_ABUTTER_STREET,ABUTTER_CITY,ABUTTER_STATE,ABUTTER_ZIP_CODE) values ('56 Williams Street',null,'Hartford            ','CT','06120    ');
Insert into TIZ18015.ABUTTERS (ABUTTER_STREET_ADDRESS,NR_ABUTTER_STREET,ABUTTER_CITY,ABUTTER_STATE,ABUTTER_ZIP_CODE) values ('116 Williams Street',null,'Hartford            ','CT','06120    ');
Insert into TIZ18015.ABUTTERS (ABUTTER_STREET_ADDRESS,NR_ABUTTER_STREET,ABUTTER_CITY,ABUTTER_STATE,ABUTTER_ZIP_CODE) values ('16 Williams Court',null,'Hartford            ','CT','06120    ');
Insert into TIZ18015.ABUTTERS (ABUTTER_STREET_ADDRESS,NR_ABUTTER_STREET,ABUTTER_CITY,ABUTTER_STATE,ABUTTER_ZIP_CODE) values ('22 Williams Court','8950 CYPRESS WATERS BLVD
','Hartford            ','CT','06120    ');
Insert into TIZ18015.ABUTTERS (ABUTTER_STREET_ADDRESS,NR_ABUTTER_STREET,ABUTTER_CITY,ABUTTER_STATE,ABUTTER_ZIP_CODE) values ('32 Williams Court',null,'Hartford            ','CT','06120    ');
Insert into TIZ18015.ABUTTERS (ABUTTER_STREET_ADDRESS,NR_ABUTTER_STREET,ABUTTER_CITY,ABUTTER_STATE,ABUTTER_ZIP_CODE) values ('697 Longmeadow Street','20 Williams Street','Longmeadow          ','MA','01106    ');
Insert into TIZ18015.ABUTTERS (ABUTTER_STREET_ADDRESS,NR_ABUTTER_STREET,ABUTTER_CITY,ABUTTER_STATE,ABUTTER_ZIP_CODE) values ('679 Longmeadow Street',null,'Longmeadow          ','MA','01106    ');
Insert into TIZ18015.ABUTTERS (ABUTTER_STREET_ADDRESS,NR_ABUTTER_STREET,ABUTTER_CITY,ABUTTER_STATE,ABUTTER_ZIP_CODE) values ('695 Longmeadow Street','20 Williams Street','Longmeadow          ','MA','01106    ');
Insert into TIZ18015.ABUTTERS (ABUTTER_STREET_ADDRESS,NR_ABUTTER_STREET,ABUTTER_CITY,ABUTTER_STATE,ABUTTER_ZIP_CODE) values ('663 Longmeadow Street','4 BATCHELDER ROAD','Longmeadow          ','MA','01106    ');
Insert into TIZ18015.ABUTTERS (ABUTTER_STREET_ADDRESS,NR_ABUTTER_STREET,ABUTTER_CITY,ABUTTER_STATE,ABUTTER_ZIP_CODE) values ('65 York Drive',null,'Hartford            ','CT','06106    ');
Insert into TIZ18015.ABUTTERS (ABUTTER_STREET_ADDRESS,NR_ABUTTER_STREET,ABUTTER_CITY,ABUTTER_STATE,ABUTTER_ZIP_CODE) values ('85 York Drive',null,'Hartford            ','CT','06106    ');
Insert into TIZ18015.ABUTTERS (ABUTTER_STREET_ADDRESS,NR_ABUTTER_STREET,ABUTTER_CITY,ABUTTER_STATE,ABUTTER_ZIP_CODE) values ('95 York Drive',null,'Hartford            ','CT','06106    ');
Insert into TIZ18015.ABUTTERS (ABUTTER_STREET_ADDRESS,NR_ABUTTER_STREET,ABUTTER_CITY,ABUTTER_STATE,ABUTTER_ZIP_CODE) values ('120 York Drive',null,'Hartford            ','CT','06106    ');
Insert into TIZ18015.ABUTTERS (ABUTTER_STREET_ADDRESS,NR_ABUTTER_STREET,ABUTTER_CITY,ABUTTER_STATE,ABUTTER_ZIP_CODE) values ('131 Wenonah Drive',null,'Longmeadow          ','MA','01106    ');
Insert into TIZ18015.ABUTTERS (ABUTTER_STREET_ADDRESS,NR_ABUTTER_STREET,ABUTTER_CITY,ABUTTER_STATE,ABUTTER_ZIP_CODE) values ('139 Wenonah Drive',null,'Longmeadow          ','MA','01106    ');
Insert into TIZ18015.ABUTTERS (ABUTTER_STREET_ADDRESS,NR_ABUTTER_STREET,ABUTTER_CITY,ABUTTER_STATE,ABUTTER_ZIP_CODE) values ('90 Dartmouth Road',null,'East Hartford       ','CT','06108    ');
Insert into TIZ18015.ABUTTERS (ABUTTER_STREET_ADDRESS,NR_ABUTTER_STREET,ABUTTER_CITY,ABUTTER_STATE,ABUTTER_ZIP_CODE) values ('60 Eastham Lane',null,'Longmeadow          ','MA','01106    ');
Insert into TIZ18015.ABUTTERS (ABUTTER_STREET_ADDRESS,NR_ABUTTER_STREET,ABUTTER_CITY,ABUTTER_STATE,ABUTTER_ZIP_CODE) values ('40 Eastham Lane',null,'Longmeadow          ','MA','01106    ');
Insert into TIZ18015.ABUTTERS (ABUTTER_STREET_ADDRESS,NR_ABUTTER_STREET,ABUTTER_CITY,ABUTTER_STATE,ABUTTER_ZIP_CODE) values ('28 Eastham Lane',null,'Longmeadow          ','MA','01106    ');
Insert into TIZ18015.ABUTTERS (ABUTTER_STREET_ADDRESS,NR_ABUTTER_STREET,ABUTTER_CITY,ABUTTER_STATE,ABUTTER_ZIP_CODE) values ('31 Williams CT',null,'Hartford            ','CT','06120    ');
Insert into TIZ18015.ABUTTERS (ABUTTER_STREET_ADDRESS,NR_ABUTTER_STREET,ABUTTER_CITY,ABUTTER_STATE,ABUTTER_ZIP_CODE) values ('32 Williams CT',null,'Hartford            ','CT','06120    ');
Insert into TIZ18015.ABUTTERS (ABUTTER_STREET_ADDRESS,NR_ABUTTER_STREET,ABUTTER_CITY,ABUTTER_STATE,ABUTTER_ZIP_CODE) values ('23 Williams CT','171 PARK AVE
','Hartford            ','CT','06120    ');
Insert into TIZ18015.ABUTTERS (ABUTTER_STREET_ADDRESS,NR_ABUTTER_STREET,ABUTTER_CITY,ABUTTER_STATE,ABUTTER_ZIP_CODE) values ('22 Williams CT','8950 CYPRESS WATERS BLVD
','Hartford            ','CT','06120    ');
Insert into TIZ18015.ABUTTERS (ABUTTER_STREET_ADDRESS,NR_ABUTTER_STREET,ABUTTER_CITY,ABUTTER_STATE,ABUTTER_ZIP_CODE) values ('655 Longmeadow Street',null,'Longmeadow          ','MA','01106    ');
REM INSERTING into TIZ18015.APPLICANT_ABUTTER
SET DEFINE OFF;
Insert into TIZ18015.APPLICANT_ABUTTER (APLLICANT_ABUTTER_ID,ABUTTER_STREET_ADDRESS,APPLICANT_ID) values ('1001','561 Longmeadow Street','A1   ');
Insert into TIZ18015.APPLICANT_ABUTTER (APLLICANT_ABUTTER_ID,ABUTTER_STREET_ADDRESS,APPLICANT_ID) values ('1002','22 Greenacre Avenue','A1   ');
Insert into TIZ18015.APPLICANT_ABUTTER (APLLICANT_ABUTTER_ID,ABUTTER_STREET_ADDRESS,APPLICANT_ID) values ('1003','551 Longmeadow Street','A1   ');
Insert into TIZ18015.APPLICANT_ABUTTER (APLLICANT_ABUTTER_ID,ABUTTER_STREET_ADDRESS,APPLICANT_ID) values ('1004','34 Greenacre Avenue','A1   ');
Insert into TIZ18015.APPLICANT_ABUTTER (APLLICANT_ABUTTER_ID,ABUTTER_STREET_ADDRESS,APPLICANT_ID) values ('1005','585 Longmeadow Street','A2   ');
Insert into TIZ18015.APPLICANT_ABUTTER (APLLICANT_ABUTTER_ID,ABUTTER_STREET_ADDRESS,APPLICANT_ID) values ('1006','19 Greenacre Avenue','A2   ');
Insert into TIZ18015.APPLICANT_ABUTTER (APLLICANT_ABUTTER_ID,ABUTTER_STREET_ADDRESS,APPLICANT_ID) values ('1007','25 Greenacre Avenue','A2   ');
Insert into TIZ18015.APPLICANT_ABUTTER (APLLICANT_ABUTTER_ID,ABUTTER_STREET_ADDRESS,APPLICANT_ID) values ('1008','609 Longmeadow Street','A2   ');
Insert into TIZ18015.APPLICANT_ABUTTER (APLLICANT_ABUTTER_ID,ABUTTER_STREET_ADDRESS,APPLICANT_ID) values ('1009','674 Longmeadow Street','A3   ');
Insert into TIZ18015.APPLICANT_ABUTTER (APLLICANT_ABUTTER_ID,ABUTTER_STREET_ADDRESS,APPLICANT_ID) values ('1010','28 Ely Road','A3   ');
Insert into TIZ18015.APPLICANT_ABUTTER (APLLICANT_ABUTTER_ID,ABUTTER_STREET_ADDRESS,APPLICANT_ID) values ('1011','29 Wheelmeadow Drive','A3   ');
Insert into TIZ18015.APPLICANT_ABUTTER (APLLICANT_ABUTTER_ID,ABUTTER_STREET_ADDRESS,APPLICANT_ID) values ('1012','45 Wheelmeadow Drive','A3   ');
Insert into TIZ18015.APPLICANT_ABUTTER (APLLICANT_ABUTTER_ID,ABUTTER_STREET_ADDRESS,APPLICANT_ID) values ('1013','28 Ely Road','A4   ');
Insert into TIZ18015.APPLICANT_ABUTTER (APLLICANT_ABUTTER_ID,ABUTTER_STREET_ADDRESS,APPLICANT_ID) values ('1014','664 Longmeadow Street','A4   ');
Insert into TIZ18015.APPLICANT_ABUTTER (APLLICANT_ABUTTER_ID,ABUTTER_STREET_ADDRESS,APPLICANT_ID) values ('1015','40 Ely Road','A4   ');
Insert into TIZ18015.APPLICANT_ABUTTER (APLLICANT_ABUTTER_ID,ABUTTER_STREET_ADDRESS,APPLICANT_ID) values ('1016','23 Ely Road','A5   ');
Insert into TIZ18015.APPLICANT_ABUTTER (APLLICANT_ABUTTER_ID,ABUTTER_STREET_ADDRESS,APPLICANT_ID) values ('1017','702 Longmeadow Street','A5   ');
Insert into TIZ18015.APPLICANT_ABUTTER (APLLICANT_ABUTTER_ID,ABUTTER_STREET_ADDRESS,APPLICANT_ID) values ('1018','720 Longmeadow Street','A5   ');
Insert into TIZ18015.APPLICANT_ABUTTER (APLLICANT_ABUTTER_ID,ABUTTER_STREET_ADDRESS,APPLICANT_ID) values ('1019','690 Longmeadow Street','A6   ');
Insert into TIZ18015.APPLICANT_ABUTTER (APLLICANT_ABUTTER_ID,ABUTTER_STREET_ADDRESS,APPLICANT_ID) values ('1020','23 Ely Road','A6   ');
Insert into TIZ18015.APPLICANT_ABUTTER (APLLICANT_ABUTTER_ID,ABUTTER_STREET_ADDRESS,APPLICANT_ID) values ('1021','55 Ely Road','A6   ');
Insert into TIZ18015.APPLICANT_ABUTTER (APLLICANT_ABUTTER_ID,ABUTTER_STREET_ADDRESS,APPLICANT_ID) values ('1022','720 Longmeadow Street','A6   ');
Insert into TIZ18015.APPLICANT_ABUTTER (APLLICANT_ABUTTER_ID,ABUTTER_STREET_ADDRESS,APPLICANT_ID) values ('1023','702 Longmeadow Street','A7   ');
Insert into TIZ18015.APPLICANT_ABUTTER (APLLICANT_ABUTTER_ID,ABUTTER_STREET_ADDRESS,APPLICANT_ID) values ('1024','730 Longmeadow Street','A7   ');
Insert into TIZ18015.APPLICANT_ABUTTER (APLLICANT_ABUTTER_ID,ABUTTER_STREET_ADDRESS,APPLICANT_ID) values ('1025','734 Longmeadow Street','A7   ');
Insert into TIZ18015.APPLICANT_ABUTTER (APLLICANT_ABUTTER_ID,ABUTTER_STREET_ADDRESS,APPLICANT_ID) values ('1026','55 Ely Road','A7   ');
Insert into TIZ18015.APPLICANT_ABUTTER (APLLICANT_ABUTTER_ID,ABUTTER_STREET_ADDRESS,APPLICANT_ID) values ('1027','55 Ely Road','A8   ');
Insert into TIZ18015.APPLICANT_ABUTTER (APLLICANT_ABUTTER_ID,ABUTTER_STREET_ADDRESS,APPLICANT_ID) values ('1028','702 Longmeadow Street','A8   ');
Insert into TIZ18015.APPLICANT_ABUTTER (APLLICANT_ABUTTER_ID,ABUTTER_STREET_ADDRESS,APPLICANT_ID) values ('1029','720 Longmeadow Street','A8   ');
Insert into TIZ18015.APPLICANT_ABUTTER (APLLICANT_ABUTTER_ID,ABUTTER_STREET_ADDRESS,APPLICANT_ID) values ('1030','119 Ely Way','A8   ');
Insert into TIZ18015.APPLICANT_ABUTTER (APLLICANT_ABUTTER_ID,ABUTTER_STREET_ADDRESS,APPLICANT_ID) values ('1031','132 Ely Way','A8   ');
Insert into TIZ18015.APPLICANT_ABUTTER (APLLICANT_ABUTTER_ID,ABUTTER_STREET_ADDRESS,APPLICANT_ID) values ('1032','734 Longmeadow Street','A8   ');
Insert into TIZ18015.APPLICANT_ABUTTER (APLLICANT_ABUTTER_ID,ABUTTER_STREET_ADDRESS,APPLICANT_ID) values ('1033','756 Longmeadow Street','A8   ');
Insert into TIZ18015.APPLICANT_ABUTTER (APLLICANT_ABUTTER_ID,ABUTTER_STREET_ADDRESS,APPLICANT_ID) values ('1034','750 Longmeadow Street','A8   ');
Insert into TIZ18015.APPLICANT_ABUTTER (APLLICANT_ABUTTER_ID,ABUTTER_STREET_ADDRESS,APPLICANT_ID) values ('1035','720 Longmeadow Street','A9   ');
Insert into TIZ18015.APPLICANT_ABUTTER (APLLICANT_ABUTTER_ID,ABUTTER_STREET_ADDRESS,APPLICANT_ID) values ('1036','730 Longmeadow Street','A9   ');
Insert into TIZ18015.APPLICANT_ABUTTER (APLLICANT_ABUTTER_ID,ABUTTER_STREET_ADDRESS,APPLICANT_ID) values ('1037','750 Longmeadow Street','A9   ');
Insert into TIZ18015.APPLICANT_ABUTTER (APLLICANT_ABUTTER_ID,ABUTTER_STREET_ADDRESS,APPLICANT_ID) values ('1038','756 Longmeadow Street','A9   ');
Insert into TIZ18015.APPLICANT_ABUTTER (APLLICANT_ABUTTER_ID,ABUTTER_STREET_ADDRESS,APPLICANT_ID) values ('1039','734 Longmeadow Street','A10  ');
Insert into TIZ18015.APPLICANT_ABUTTER (APLLICANT_ABUTTER_ID,ABUTTER_STREET_ADDRESS,APPLICANT_ID) values ('1040','756 Longmeadow Street','A10  ');
Insert into TIZ18015.APPLICANT_ABUTTER (APLLICANT_ABUTTER_ID,ABUTTER_STREET_ADDRESS,APPLICANT_ID) values ('1041','730 Longmeadow Street','A10  ');
Insert into TIZ18015.APPLICANT_ABUTTER (APLLICANT_ABUTTER_ID,ABUTTER_STREET_ADDRESS,APPLICANT_ID) values ('1042','766 Longmeadow Street','A10  ');
Insert into TIZ18015.APPLICANT_ABUTTER (APLLICANT_ABUTTER_ID,ABUTTER_STREET_ADDRESS,APPLICANT_ID) values ('1043','730 Longmeadow Street','A11  ');
Insert into TIZ18015.APPLICANT_ABUTTER (APLLICANT_ABUTTER_ID,ABUTTER_STREET_ADDRESS,APPLICANT_ID) values ('1044','734 Longmeadow Street','A11  ');
Insert into TIZ18015.APPLICANT_ABUTTER (APLLICANT_ABUTTER_ID,ABUTTER_STREET_ADDRESS,APPLICANT_ID) values ('1045','750 Longmeadow Street','A11  ');
Insert into TIZ18015.APPLICANT_ABUTTER (APLLICANT_ABUTTER_ID,ABUTTER_STREET_ADDRESS,APPLICANT_ID) values ('1046','766 Longmeadow Street','A11  ');
Insert into TIZ18015.APPLICANT_ABUTTER (APLLICANT_ABUTTER_ID,ABUTTER_STREET_ADDRESS,APPLICANT_ID) values ('1047','24 Chandler Avenue ','A11  ');
Insert into TIZ18015.APPLICANT_ABUTTER (APLLICANT_ABUTTER_ID,ABUTTER_STREET_ADDRESS,APPLICANT_ID) values ('1048','52 Chandler Avenue','A11  ');
Insert into TIZ18015.APPLICANT_ABUTTER (APLLICANT_ABUTTER_ID,ABUTTER_STREET_ADDRESS,APPLICANT_ID) values ('1049','132 Ely Way','A11  ');
Insert into TIZ18015.APPLICANT_ABUTTER (APLLICANT_ABUTTER_ID,ABUTTER_STREET_ADDRESS,APPLICANT_ID) values ('1050','120 Ely Way','A11  ');
Insert into TIZ18015.APPLICANT_ABUTTER (APLLICANT_ABUTTER_ID,ABUTTER_STREET_ADDRESS,APPLICANT_ID) values ('1051','108 Ely Way','A11  ');
Insert into TIZ18015.APPLICANT_ABUTTER (APLLICANT_ABUTTER_ID,ABUTTER_STREET_ADDRESS,APPLICANT_ID) values ('1052','90 Ely Way','A11  ');
Insert into TIZ18015.APPLICANT_ABUTTER (APLLICANT_ABUTTER_ID,ABUTTER_STREET_ADDRESS,APPLICANT_ID) values ('1053','70 Ely Way','A11  ');
Insert into TIZ18015.APPLICANT_ABUTTER (APLLICANT_ABUTTER_ID,ABUTTER_STREET_ADDRESS,APPLICANT_ID) values ('1054','60 Ely Way','A11  ');
Insert into TIZ18015.APPLICANT_ABUTTER (APLLICANT_ABUTTER_ID,ABUTTER_STREET_ADDRESS,APPLICANT_ID) values ('1055','24 Chandler Avenue','A12  ');
Insert into TIZ18015.APPLICANT_ABUTTER (APLLICANT_ABUTTER_ID,ABUTTER_STREET_ADDRESS,APPLICANT_ID) values ('1056','756 Longmeadow Street','A12  ');
Insert into TIZ18015.APPLICANT_ABUTTER (APLLICANT_ABUTTER_ID,ABUTTER_STREET_ADDRESS,APPLICANT_ID) values ('1057','750 Longmeadow Street','A12  ');
Insert into TIZ18015.APPLICANT_ABUTTER (APLLICANT_ABUTTER_ID,ABUTTER_STREET_ADDRESS,APPLICANT_ID) values ('1058','780 Longmeadow Street','A13  ');
Insert into TIZ18015.APPLICANT_ABUTTER (APLLICANT_ABUTTER_ID,ABUTTER_STREET_ADDRESS,APPLICANT_ID) values ('1059','19 Chandler Avenue','A13  ');
Insert into TIZ18015.APPLICANT_ABUTTER (APLLICANT_ABUTTER_ID,ABUTTER_STREET_ADDRESS,APPLICANT_ID) values ('1060','788 Longmeadow Street','A13  ');
Insert into TIZ18015.APPLICANT_ABUTTER (APLLICANT_ABUTTER_ID,ABUTTER_STREET_ADDRESS,APPLICANT_ID) values ('1061','31 Chandler Avenue','A13  ');
Insert into TIZ18015.APPLICANT_ABUTTER (APLLICANT_ABUTTER_ID,ABUTTER_STREET_ADDRESS,APPLICANT_ID) values ('1062','776 Longmeadow Street','A14  ');
Insert into TIZ18015.APPLICANT_ABUTTER (APLLICANT_ABUTTER_ID,ABUTTER_STREET_ADDRESS,APPLICANT_ID) values ('1063','19 Chandler Avenue','A14  ');
Insert into TIZ18015.APPLICANT_ABUTTER (APLLICANT_ABUTTER_ID,ABUTTER_STREET_ADDRESS,APPLICANT_ID) values ('1064','31 Chandler Avenue','A14  ');
Insert into TIZ18015.APPLICANT_ABUTTER (APLLICANT_ABUTTER_ID,ABUTTER_STREET_ADDRESS,APPLICANT_ID) values ('1065','788 Longmeadow Street','A14  ');
Insert into TIZ18015.APPLICANT_ABUTTER (APLLICANT_ABUTTER_ID,ABUTTER_STREET_ADDRESS,APPLICANT_ID) values ('1066','796 Longmeadow Street','A14  ');
Insert into TIZ18015.APPLICANT_ABUTTER (APLLICANT_ABUTTER_ID,ABUTTER_STREET_ADDRESS,APPLICANT_ID) values ('1067','780 Longmeadow Street','A15  ');
Insert into TIZ18015.APPLICANT_ABUTTER (APLLICANT_ABUTTER_ID,ABUTTER_STREET_ADDRESS,APPLICANT_ID) values ('1068','796 Longmeadow Street','A15  ');
Insert into TIZ18015.APPLICANT_ABUTTER (APLLICANT_ABUTTER_ID,ABUTTER_STREET_ADDRESS,APPLICANT_ID) values ('1069','31 Chandler Avenue','A15  ');
Insert into TIZ18015.APPLICANT_ABUTTER (APLLICANT_ABUTTER_ID,ABUTTER_STREET_ADDRESS,APPLICANT_ID) values ('1070','808 Longmeadow Street','A15  ');
Insert into TIZ18015.APPLICANT_ABUTTER (APLLICANT_ABUTTER_ID,ABUTTER_STREET_ADDRESS,APPLICANT_ID) values ('1071','776 Longmeadow Street','A15  ');
Insert into TIZ18015.APPLICANT_ABUTTER (APLLICANT_ABUTTER_ID,ABUTTER_STREET_ADDRESS,APPLICANT_ID) values ('1072','788 Longmeadow Street','A16  ');
Insert into TIZ18015.APPLICANT_ABUTTER (APLLICANT_ABUTTER_ID,ABUTTER_STREET_ADDRESS,APPLICANT_ID) values ('1073','808 Longmeadow Street','A16  ');
Insert into TIZ18015.APPLICANT_ABUTTER (APLLICANT_ABUTTER_ID,ABUTTER_STREET_ADDRESS,APPLICANT_ID) values ('1074','810 Longmeadow Street','A16  ');
Insert into TIZ18015.APPLICANT_ABUTTER (APLLICANT_ABUTTER_ID,ABUTTER_STREET_ADDRESS,APPLICANT_ID) values ('1075','812 Longmeadow Street','A16  ');
Insert into TIZ18015.APPLICANT_ABUTTER (APLLICANT_ABUTTER_ID,ABUTTER_STREET_ADDRESS,APPLICANT_ID) values ('1076','780 Longmeadow Street','A16  ');
Insert into TIZ18015.APPLICANT_ABUTTER (APLLICANT_ABUTTER_ID,ABUTTER_STREET_ADDRESS,APPLICANT_ID) values ('1077','796 Longmeadow Street','A17  ');
Insert into TIZ18015.APPLICANT_ABUTTER (APLLICANT_ABUTTER_ID,ABUTTER_STREET_ADDRESS,APPLICANT_ID) values ('1078','810 Longmeadow Street','A17  ');
Insert into TIZ18015.APPLICANT_ABUTTER (APLLICANT_ABUTTER_ID,ABUTTER_STREET_ADDRESS,APPLICANT_ID) values ('1079','822 Longmeadow Street','A17  ');
Insert into TIZ18015.APPLICANT_ABUTTER (APLLICANT_ABUTTER_ID,ABUTTER_STREET_ADDRESS,APPLICANT_ID) values ('1080','826 Longmeadow Street','A17  ');
Insert into TIZ18015.APPLICANT_ABUTTER (APLLICANT_ABUTTER_ID,ABUTTER_STREET_ADDRESS,APPLICANT_ID) values ('1081','822 Longmeadow Street','A18  ');
Insert into TIZ18015.APPLICANT_ABUTTER (APLLICANT_ABUTTER_ID,ABUTTER_STREET_ADDRESS,APPLICANT_ID) values ('1082','836 Longmeadow Street','A18  ');
Insert into TIZ18015.APPLICANT_ABUTTER (APLLICANT_ABUTTER_ID,ABUTTER_STREET_ADDRESS,APPLICANT_ID) values ('1083','812 Longmeadow Street','A18  ');
Insert into TIZ18015.APPLICANT_ABUTTER (APLLICANT_ABUTTER_ID,ABUTTER_STREET_ADDRESS,APPLICANT_ID) values ('1084','844 Longmeadow Street','A18  ');
Insert into TIZ18015.APPLICANT_ABUTTER (APLLICANT_ABUTTER_ID,ABUTTER_STREET_ADDRESS,APPLICANT_ID) values ('1085','822 Longmeadow Street','A19  ');
Insert into TIZ18015.APPLICANT_ABUTTER (APLLICANT_ABUTTER_ID,ABUTTER_STREET_ADDRESS,APPLICANT_ID) values ('1086','826 Longmeadow Street','A19  ');
Insert into TIZ18015.APPLICANT_ABUTTER (APLLICANT_ABUTTER_ID,ABUTTER_STREET_ADDRESS,APPLICANT_ID) values ('1087','844 Longmeadow Street','A19  ');
Insert into TIZ18015.APPLICANT_ABUTTER (APLLICANT_ABUTTER_ID,ABUTTER_STREET_ADDRESS,APPLICANT_ID) values ('1088','862 Longmeadow Street','A19  ');
Insert into TIZ18015.APPLICANT_ABUTTER (APLLICANT_ABUTTER_ID,ABUTTER_STREET_ADDRESS,APPLICANT_ID) values ('1089','822 Longmeadow Street','A20  ');
Insert into TIZ18015.APPLICANT_ABUTTER (APLLICANT_ABUTTER_ID,ABUTTER_STREET_ADDRESS,APPLICANT_ID) values ('1090','826 Longmeadow Street','A20  ');
Insert into TIZ18015.APPLICANT_ABUTTER (APLLICANT_ABUTTER_ID,ABUTTER_STREET_ADDRESS,APPLICANT_ID) values ('1091','836 Longmeadow Street','A20  ');
Insert into TIZ18015.APPLICANT_ABUTTER (APLLICANT_ABUTTER_ID,ABUTTER_STREET_ADDRESS,APPLICANT_ID) values ('1092','862 Longmeadow Street','A20  ');
Insert into TIZ18015.APPLICANT_ABUTTER (APLLICANT_ABUTTER_ID,ABUTTER_STREET_ADDRESS,APPLICANT_ID) values ('1093','45 Farmlea Road','A20  ');
Insert into TIZ18015.APPLICANT_ABUTTER (APLLICANT_ABUTTER_ID,ABUTTER_STREET_ADDRESS,APPLICANT_ID) values ('1094','870 Longmeadow Street','A20  ');
Insert into TIZ18015.APPLICANT_ABUTTER (APLLICANT_ABUTTER_ID,ABUTTER_STREET_ADDRESS,APPLICANT_ID) values ('1095','836 Longmeadow Street','A21  ');
Insert into TIZ18015.APPLICANT_ABUTTER (APLLICANT_ABUTTER_ID,ABUTTER_STREET_ADDRESS,APPLICANT_ID) values ('1096','844 Longmeadow Street','A21  ');
Insert into TIZ18015.APPLICANT_ABUTTER (APLLICANT_ABUTTER_ID,ABUTTER_STREET_ADDRESS,APPLICANT_ID) values ('1097','870 Longmeadow Street','A21  ');
Insert into TIZ18015.APPLICANT_ABUTTER (APLLICANT_ABUTTER_ID,ABUTTER_STREET_ADDRESS,APPLICANT_ID) values ('1098','45 Farmlea Road','A21  ');
Insert into TIZ18015.APPLICANT_ABUTTER (APLLICANT_ABUTTER_ID,ABUTTER_STREET_ADDRESS,APPLICANT_ID) values ('1099','878 Longmeadow Street','A21  ');
Insert into TIZ18015.APPLICANT_ABUTTER (APLLICANT_ABUTTER_ID,ABUTTER_STREET_ADDRESS,APPLICANT_ID) values ('1100','862 Longmeadow Street','A22  ');
Insert into TIZ18015.APPLICANT_ABUTTER (APLLICANT_ABUTTER_ID,ABUTTER_STREET_ADDRESS,APPLICANT_ID) values ('1101','45 Farmlea Road','A22  ');
Insert into TIZ18015.APPLICANT_ABUTTER (APLLICANT_ABUTTER_ID,ABUTTER_STREET_ADDRESS,APPLICANT_ID) values ('1102','878 Longmeadow Street','A22  ');
Insert into TIZ18015.APPLICANT_ABUTTER (APLLICANT_ABUTTER_ID,ABUTTER_STREET_ADDRESS,APPLICANT_ID) values ('1103','33 Farmlea Road','A22  ');
Insert into TIZ18015.APPLICANT_ABUTTER (APLLICANT_ABUTTER_ID,ABUTTER_STREET_ADDRESS,APPLICANT_ID) values ('1104','844 Longmeadow Street','A22  ');
Insert into TIZ18015.APPLICANT_ABUTTER (APLLICANT_ABUTTER_ID,ABUTTER_STREET_ADDRESS,APPLICANT_ID) values ('1105','896 Longmeadow Street','A22  ');
Insert into TIZ18015.APPLICANT_ABUTTER (APLLICANT_ABUTTER_ID,ABUTTER_STREET_ADDRESS,APPLICANT_ID) values ('1106','870 Longmeadow Street','A23  ');
Insert into TIZ18015.APPLICANT_ABUTTER (APLLICANT_ABUTTER_ID,ABUTTER_STREET_ADDRESS,APPLICANT_ID) values ('1107','33 Farmlea Road','A23  ');
Insert into TIZ18015.APPLICANT_ABUTTER (APLLICANT_ABUTTER_ID,ABUTTER_STREET_ADDRESS,APPLICANT_ID) values ('1108','896 Longmeadow Street','A23  ');
Insert into TIZ18015.APPLICANT_ABUTTER (APLLICANT_ABUTTER_ID,ABUTTER_STREET_ADDRESS,APPLICANT_ID) values ('1109','862 Longmeadow Street','A23  ');
Insert into TIZ18015.APPLICANT_ABUTTER (APLLICANT_ABUTTER_ID,ABUTTER_STREET_ADDRESS,APPLICANT_ID) values ('1110','906 Longmeadow Street','A23  ');
Insert into TIZ18015.APPLICANT_ABUTTER (APLLICANT_ABUTTER_ID,ABUTTER_STREET_ADDRESS,APPLICANT_ID) values ('1111','878 Longmeadow Street','A24  ');
Insert into TIZ18015.APPLICANT_ABUTTER (APLLICANT_ABUTTER_ID,ABUTTER_STREET_ADDRESS,APPLICANT_ID) values ('1112','33 Farmlea Road','A24  ');
Insert into TIZ18015.APPLICANT_ABUTTER (APLLICANT_ABUTTER_ID,ABUTTER_STREET_ADDRESS,APPLICANT_ID) values ('1113','906 Longmeadow Street','A24  ');
Insert into TIZ18015.APPLICANT_ABUTTER (APLLICANT_ABUTTER_ID,ABUTTER_STREET_ADDRESS,APPLICANT_ID) values ('1114','912 Longmeadow Street','A24  ');
Insert into TIZ18015.APPLICANT_ABUTTER (APLLICANT_ABUTTER_ID,ABUTTER_STREET_ADDRESS,APPLICANT_ID) values ('1115','870 Longmeadow Street','A24  ');
Insert into TIZ18015.APPLICANT_ABUTTER (APLLICANT_ABUTTER_ID,ABUTTER_STREET_ADDRESS,APPLICANT_ID) values ('1116','896 Longmeadow Street','A25  ');
Insert into TIZ18015.APPLICANT_ABUTTER (APLLICANT_ABUTTER_ID,ABUTTER_STREET_ADDRESS,APPLICANT_ID) values ('1117','33 Farmlea Road','A25  ');
Insert into TIZ18015.APPLICANT_ABUTTER (APLLICANT_ABUTTER_ID,ABUTTER_STREET_ADDRESS,APPLICANT_ID) values ('1118','912 Longmeadow Street','A25  ');
Insert into TIZ18015.APPLICANT_ABUTTER (APLLICANT_ABUTTER_ID,ABUTTER_STREET_ADDRESS,APPLICANT_ID) values ('1119','918 Longmeadow Street','A25  ');
Insert into TIZ18015.APPLICANT_ABUTTER (APLLICANT_ABUTTER_ID,ABUTTER_STREET_ADDRESS,APPLICANT_ID) values ('1120','878 Longmeadow Street','A25  ');
Insert into TIZ18015.APPLICANT_ABUTTER (APLLICANT_ABUTTER_ID,ABUTTER_STREET_ADDRESS,APPLICANT_ID) values ('1121','33 Farmlea Road','A26  ');
Insert into TIZ18015.APPLICANT_ABUTTER (APLLICANT_ABUTTER_ID,ABUTTER_STREET_ADDRESS,APPLICANT_ID) values ('1122','906 Longmeadow Street','A26  ');
Insert into TIZ18015.APPLICANT_ABUTTER (APLLICANT_ABUTTER_ID,ABUTTER_STREET_ADDRESS,APPLICANT_ID) values ('1123','918 Longmeadow Steet','A26  ');
Insert into TIZ18015.APPLICANT_ABUTTER (APLLICANT_ABUTTER_ID,ABUTTER_STREET_ADDRESS,APPLICANT_ID) values ('1124','30 Mayfair Drive ','A26  ');
Insert into TIZ18015.APPLICANT_ABUTTER (APLLICANT_ABUTTER_ID,ABUTTER_STREET_ADDRESS,APPLICANT_ID) values ('1125','896 Longmeadow Street','A26  ');
Insert into TIZ18015.APPLICANT_ABUTTER (APLLICANT_ABUTTER_ID,ABUTTER_STREET_ADDRESS,APPLICANT_ID) values ('1126','930 Longmeadow Street','A26  ');
Insert into TIZ18015.APPLICANT_ABUTTER (APLLICANT_ABUTTER_ID,ABUTTER_STREET_ADDRESS,APPLICANT_ID) values ('1127','912 Longmeadow Street','A27  ');
Insert into TIZ18015.APPLICANT_ABUTTER (APLLICANT_ABUTTER_ID,ABUTTER_STREET_ADDRESS,APPLICANT_ID) values ('1128','930 Longmeadow Street','A27  ');
Insert into TIZ18015.APPLICANT_ABUTTER (APLLICANT_ABUTTER_ID,ABUTTER_STREET_ADDRESS,APPLICANT_ID) values ('1129','30 Mayfair Drive','A27  ');
Insert into TIZ18015.APPLICANT_ABUTTER (APLLICANT_ABUTTER_ID,ABUTTER_STREET_ADDRESS,APPLICANT_ID) values ('1130','44 Birnie Road','A27  ');
Insert into TIZ18015.APPLICANT_ABUTTER (APLLICANT_ABUTTER_ID,ABUTTER_STREET_ADDRESS,APPLICANT_ID) values ('1131','942 Longmeadow Street','A27  ');
Insert into TIZ18015.APPLICANT_ABUTTER (APLLICANT_ABUTTER_ID,ABUTTER_STREET_ADDRESS,APPLICANT_ID) values ('1132','906 Longmeadow Street','A27  ');
Insert into TIZ18015.APPLICANT_ABUTTER (APLLICANT_ABUTTER_ID,ABUTTER_STREET_ADDRESS,APPLICANT_ID) values ('1133','918 Longmeadow Street','A28  ');
Insert into TIZ18015.APPLICANT_ABUTTER (APLLICANT_ABUTTER_ID,ABUTTER_STREET_ADDRESS,APPLICANT_ID) values ('1134','942 Longmeadow Street','A28  ');
Insert into TIZ18015.APPLICANT_ABUTTER (APLLICANT_ABUTTER_ID,ABUTTER_STREET_ADDRESS,APPLICANT_ID) values ('1135','24 Birnie Road','A28  ');
Insert into TIZ18015.APPLICANT_ABUTTER (APLLICANT_ABUTTER_ID,ABUTTER_STREET_ADDRESS,APPLICANT_ID) values ('1136','44 Birnie Road','A28  ');
Insert into TIZ18015.APPLICANT_ABUTTER (APLLICANT_ABUTTER_ID,ABUTTER_STREET_ADDRESS,APPLICANT_ID) values ('1137','32 Birnie Road','A28  ');
Insert into TIZ18015.APPLICANT_ABUTTER (APLLICANT_ABUTTER_ID,ABUTTER_STREET_ADDRESS,APPLICANT_ID) values ('1138','912 Longmeadow Street','A28  ');
Insert into TIZ18015.APPLICANT_ABUTTER (APLLICANT_ABUTTER_ID,ABUTTER_STREET_ADDRESS,APPLICANT_ID) values ('1139','930 Longmeadow Street','A29  ');
Insert into TIZ18015.APPLICANT_ABUTTER (APLLICANT_ABUTTER_ID,ABUTTER_STREET_ADDRESS,APPLICANT_ID) values ('1140','24 Birnie Road','A29  ');
Insert into TIZ18015.APPLICANT_ABUTTER (APLLICANT_ABUTTER_ID,ABUTTER_STREET_ADDRESS,APPLICANT_ID) values ('1141','32 Birnie Road','A29  ');
Insert into TIZ18015.APPLICANT_ABUTTER (APLLICANT_ABUTTER_ID,ABUTTER_STREET_ADDRESS,APPLICANT_ID) values ('1142','44 Birnie Road','A29  ');
Insert into TIZ18015.APPLICANT_ABUTTER (APLLICANT_ABUTTER_ID,ABUTTER_STREET_ADDRESS,APPLICANT_ID) values ('1143','918 Longmeadow Street','A29  ');
Insert into TIZ18015.APPLICANT_ABUTTER (APLLICANT_ABUTTER_ID,ABUTTER_STREET_ADDRESS,APPLICANT_ID) values ('1144','960 Longmeadow Street','A30  ');
Insert into TIZ18015.APPLICANT_ABUTTER (APLLICANT_ABUTTER_ID,ABUTTER_STREET_ADDRESS,APPLICANT_ID) values ('1145','37 Birnie Road','A30  ');
Insert into TIZ18015.APPLICANT_ABUTTER (APLLICANT_ABUTTER_ID,ABUTTER_STREET_ADDRESS,APPLICANT_ID) values ('1146','980 Longmeadow Street','A30  ');
Insert into TIZ18015.APPLICANT_ABUTTER (APLLICANT_ABUTTER_ID,ABUTTER_STREET_ADDRESS,APPLICANT_ID) values ('1147','53 Birnie Road','A30  ');
Insert into TIZ18015.APPLICANT_ABUTTER (APLLICANT_ABUTTER_ID,ABUTTER_STREET_ADDRESS,APPLICANT_ID) values ('1148','956 Longmeadow Street','A31  ');
Insert into TIZ18015.APPLICANT_ABUTTER (APLLICANT_ABUTTER_ID,ABUTTER_STREET_ADDRESS,APPLICANT_ID) values ('1149','960 Longmeadow Street','A31  ');
Insert into TIZ18015.APPLICANT_ABUTTER (APLLICANT_ABUTTER_ID,ABUTTER_STREET_ADDRESS,APPLICANT_ID) values ('1150','53 Birnie Road','A31  ');
Insert into TIZ18015.APPLICANT_ABUTTER (APLLICANT_ABUTTER_ID,ABUTTER_STREET_ADDRESS,APPLICANT_ID) values ('1151','24 Crescent Road','A31  ');
Insert into TIZ18015.APPLICANT_ABUTTER (APLLICANT_ABUTTER_ID,ABUTTER_STREET_ADDRESS,APPLICANT_ID) values ('1152','38 Crescent Road ','A31  ');
Insert into TIZ18015.APPLICANT_ABUTTER (APLLICANT_ABUTTER_ID,ABUTTER_STREET_ADDRESS,APPLICANT_ID) values ('1153','46 Crescent Road','A31  ');
Insert into TIZ18015.APPLICANT_ABUTTER (APLLICANT_ABUTTER_ID,ABUTTER_STREET_ADDRESS,APPLICANT_ID) values ('1154','65 Birnie Road','A31  ');
Insert into TIZ18015.APPLICANT_ABUTTER (APLLICANT_ABUTTER_ID,ABUTTER_STREET_ADDRESS,APPLICANT_ID) values ('1155','1020 Longmeadow Street','A32  ');
Insert into TIZ18015.APPLICANT_ABUTTER (APLLICANT_ABUTTER_ID,ABUTTER_STREET_ADDRESS,APPLICANT_ID) values ('1156','1006 Longmeadow Street','A32  ');
Insert into TIZ18015.APPLICANT_ABUTTER (APLLICANT_ABUTTER_ID,ABUTTER_STREET_ADDRESS,APPLICANT_ID) values ('1157','169 Crescent Road','A32  ');
Insert into TIZ18015.APPLICANT_ABUTTER (APLLICANT_ABUTTER_ID,ABUTTER_STREET_ADDRESS,APPLICANT_ID) values ('1158','131 Crescent Road','A32  ');
Insert into TIZ18015.APPLICANT_ABUTTER (APLLICANT_ABUTTER_ID,ABUTTER_STREET_ADDRESS,APPLICANT_ID) values ('1159','985 Longmeadow Street','A33  ');
Insert into TIZ18015.APPLICANT_ABUTTER (APLLICANT_ABUTTER_ID,ABUTTER_STREET_ADDRESS,APPLICANT_ID) values ('1160','961 Longmeadow Street','A33  ');
Insert into TIZ18015.APPLICANT_ABUTTER (APLLICANT_ABUTTER_ID,ABUTTER_STREET_ADDRESS,APPLICANT_ID) values ('1161','951 Longmeadow Street','A33  ');
Insert into TIZ18015.APPLICANT_ABUTTER (APLLICANT_ABUTTER_ID,ABUTTER_STREET_ADDRESS,APPLICANT_ID) values ('1162','977 Longmeadow Street','A34  ');
Insert into TIZ18015.APPLICANT_ABUTTER (APLLICANT_ABUTTER_ID,ABUTTER_STREET_ADDRESS,APPLICANT_ID) values ('1163','985 Longmeadow Street','A34  ');
Insert into TIZ18015.APPLICANT_ABUTTER (APLLICANT_ABUTTER_ID,ABUTTER_STREET_ADDRESS,APPLICANT_ID) values ('1164','951 Longmeadow Street','A34  ');
Insert into TIZ18015.APPLICANT_ABUTTER (APLLICANT_ABUTTER_ID,ABUTTER_STREET_ADDRESS,APPLICANT_ID) values ('1165','961 Longmeadow Street','A35  ');
Insert into TIZ18015.APPLICANT_ABUTTER (APLLICANT_ABUTTER_ID,ABUTTER_STREET_ADDRESS,APPLICANT_ID) values ('1166','977 Longmeadow Street','A35  ');
Insert into TIZ18015.APPLICANT_ABUTTER (APLLICANT_ABUTTER_ID,ABUTTER_STREET_ADDRESS,APPLICANT_ID) values ('1167','17 Crestview Circle','A35  ');
Insert into TIZ18015.APPLICANT_ABUTTER (APLLICANT_ABUTTER_ID,ABUTTER_STREET_ADDRESS,APPLICANT_ID) values ('1168','29 Crestview Circle','A35  ');
Insert into TIZ18015.APPLICANT_ABUTTER (APLLICANT_ABUTTER_ID,ABUTTER_STREET_ADDRESS,APPLICANT_ID) values ('1169','30 Crestview Circle','A36  ');
Insert into TIZ18015.APPLICANT_ABUTTER (APLLICANT_ABUTTER_ID,ABUTTER_STREET_ADDRESS,APPLICANT_ID) values ('1170','55 Morningside Drive','A36  ');
Insert into TIZ18015.APPLICANT_ABUTTER (APLLICANT_ABUTTER_ID,ABUTTER_STREET_ADDRESS,APPLICANT_ID) values ('1171','32 Morningside Drive','A37  ');
Insert into TIZ18015.APPLICANT_ABUTTER (APLLICANT_ABUTTER_ID,ABUTTER_STREET_ADDRESS,APPLICANT_ID) values ('1172','56 Morningside Drive','A37  ');
Insert into TIZ18015.APPLICANT_ABUTTER (APLLICANT_ABUTTER_ID,ABUTTER_STREET_ADDRESS,APPLICANT_ID) values ('1173','891 Longmeadow Street','A37  ');
Insert into TIZ18015.APPLICANT_ABUTTER (APLLICANT_ABUTTER_ID,ABUTTER_STREET_ADDRESS,APPLICANT_ID) values ('1174','21 Green Meadow Drive','A37  ');
Insert into TIZ18015.APPLICANT_ABUTTER (APLLICANT_ABUTTER_ID,ABUTTER_STREET_ADDRESS,APPLICANT_ID) values ('1175','909 Longmeadow Street','A38  ');
Insert into TIZ18015.APPLICANT_ABUTTER (APLLICANT_ABUTTER_ID,ABUTTER_STREET_ADDRESS,APPLICANT_ID) values ('1176','21 Green Meadow Drive','A38  ');
Insert into TIZ18015.APPLICANT_ABUTTER (APLLICANT_ABUTTER_ID,ABUTTER_STREET_ADDRESS,APPLICANT_ID) values ('1177','53 Green Meadow Drive','A38  ');
Insert into TIZ18015.APPLICANT_ABUTTER (APLLICANT_ABUTTER_ID,ABUTTER_STREET_ADDRESS,APPLICANT_ID) values ('1178','28 Green Meadow Drive','A39  ');
Insert into TIZ18015.APPLICANT_ABUTTER (APLLICANT_ABUTTER_ID,ABUTTER_STREET_ADDRESS,APPLICANT_ID) values ('1179','48 Green Meadow Drive','A39  ');
Insert into TIZ18015.APPLICANT_ABUTTER (APLLICANT_ABUTTER_ID,ABUTTER_STREET_ADDRESS,APPLICANT_ID) values ('1180','19 Longfellow Drive','A39  ');
Insert into TIZ18015.APPLICANT_ABUTTER (APLLICANT_ABUTTER_ID,ABUTTER_STREET_ADDRESS,APPLICANT_ID) values ('1181','859 Longmeadow Street','A39  ');
Insert into TIZ18015.APPLICANT_ABUTTER (APLLICANT_ABUTTER_ID,ABUTTER_STREET_ADDRESS,APPLICANT_ID) values ('1182','857 Longmeadow Street','A39  ');
Insert into TIZ18015.APPLICANT_ABUTTER (APLLICANT_ABUTTER_ID,ABUTTER_STREET_ADDRESS,APPLICANT_ID) values ('1183','873 Longmeadow Street','A40  ');
Insert into TIZ18015.APPLICANT_ABUTTER (APLLICANT_ABUTTER_ID,ABUTTER_STREET_ADDRESS,APPLICANT_ID) values ('1184','857 Longmeadow Street','A40  ');
Insert into TIZ18015.APPLICANT_ABUTTER (APLLICANT_ABUTTER_ID,ABUTTER_STREET_ADDRESS,APPLICANT_ID) values ('1185','19 Longfellow Drive','A40  ');
Insert into TIZ18015.APPLICANT_ABUTTER (APLLICANT_ABUTTER_ID,ABUTTER_STREET_ADDRESS,APPLICANT_ID) values ('1186','19 Longfellow Drive','A41  ');
Insert into TIZ18015.APPLICANT_ABUTTER (APLLICANT_ABUTTER_ID,ABUTTER_STREET_ADDRESS,APPLICANT_ID) values ('1187','29 Longfellow Drive','A41  ');
Insert into TIZ18015.APPLICANT_ABUTTER (APLLICANT_ABUTTER_ID,ABUTTER_STREET_ADDRESS,APPLICANT_ID) values ('1188','859 Longmeadow Street','A41  ');
Insert into TIZ18015.APPLICANT_ABUTTER (APLLICANT_ABUTTER_ID,ABUTTER_STREET_ADDRESS,APPLICANT_ID) values ('1189','873 Longmeadow Street','A41  ');
Insert into TIZ18015.APPLICANT_ABUTTER (APLLICANT_ABUTTER_ID,ABUTTER_STREET_ADDRESS,APPLICANT_ID) values ('1190','797 Longmeadow Street','A42  ');
Insert into TIZ18015.APPLICANT_ABUTTER (APLLICANT_ABUTTER_ID,ABUTTER_STREET_ADDRESS,APPLICANT_ID) values ('1191','44 Colton Place','A42  ');
Insert into TIZ18015.APPLICANT_ABUTTER (APLLICANT_ABUTTER_ID,ABUTTER_STREET_ADDRESS,APPLICANT_ID) values ('1192','787 Longmeadow Street','A42  ');
Insert into TIZ18015.APPLICANT_ABUTTER (APLLICANT_ABUTTER_ID,ABUTTER_STREET_ADDRESS,APPLICANT_ID) values ('1193','787 Longmeadow Street','A43  ');
Insert into TIZ18015.APPLICANT_ABUTTER (APLLICANT_ABUTTER_ID,ABUTTER_STREET_ADDRESS,APPLICANT_ID) values ('1194','777 Longmeadow Street','A43  ');
Insert into TIZ18015.APPLICANT_ABUTTER (APLLICANT_ABUTTER_ID,ABUTTER_STREET_ADDRESS,APPLICANT_ID) values ('1195','44 Colton Place','A43  ');
Insert into TIZ18015.APPLICANT_ABUTTER (APLLICANT_ABUTTER_ID,ABUTTER_STREET_ADDRESS,APPLICANT_ID) values ('1196','837 Longmeadow Street','A43  ');
Insert into TIZ18015.APPLICANT_ABUTTER (APLLICANT_ABUTTER_ID,ABUTTER_STREET_ADDRESS,APPLICANT_ID) values ('1197','797 Longmeadow Street','A44  ');
Insert into TIZ18015.APPLICANT_ABUTTER (APLLICANT_ABUTTER_ID,ABUTTER_STREET_ADDRESS,APPLICANT_ID) values ('1198','837 Longmeadow Street','A44  ');
Insert into TIZ18015.APPLICANT_ABUTTER (APLLICANT_ABUTTER_ID,ABUTTER_STREET_ADDRESS,APPLICANT_ID) values ('1199','777 Longmeadow Street','A44  ');
Insert into TIZ18015.APPLICANT_ABUTTER (APLLICANT_ABUTTER_ID,ABUTTER_STREET_ADDRESS,APPLICANT_ID) values ('1200','763 Longmeadow Street','A44  ');
Insert into TIZ18015.APPLICANT_ABUTTER (APLLICANT_ABUTTER_ID,ABUTTER_STREET_ADDRESS,APPLICANT_ID) values ('1201','44 Colton Place','A44  ');
Insert into TIZ18015.APPLICANT_ABUTTER (APLLICANT_ABUTTER_ID,ABUTTER_STREET_ADDRESS,APPLICANT_ID) values ('1202','56 Colton Place','A44  ');
Insert into TIZ18015.APPLICANT_ABUTTER (APLLICANT_ABUTTER_ID,ABUTTER_STREET_ADDRESS,APPLICANT_ID) values ('1203','787 Longmeadow Street','A45  ');
Insert into TIZ18015.APPLICANT_ABUTTER (APLLICANT_ABUTTER_ID,ABUTTER_STREET_ADDRESS,APPLICANT_ID) values ('1204','797 Longmeadow Street','A45  ');
Insert into TIZ18015.APPLICANT_ABUTTER (APLLICANT_ABUTTER_ID,ABUTTER_STREET_ADDRESS,APPLICANT_ID) values ('1205','763 Longmeadow Street','A45  ');
Insert into TIZ18015.APPLICANT_ABUTTER (APLLICANT_ABUTTER_ID,ABUTTER_STREET_ADDRESS,APPLICANT_ID) values ('1206','30 Barbara Lane','A45  ');
Insert into TIZ18015.APPLICANT_ABUTTER (APLLICANT_ABUTTER_ID,ABUTTER_STREET_ADDRESS,APPLICANT_ID) values ('1207','787 Longmeadow Street','A46  ');
Insert into TIZ18015.APPLICANT_ABUTTER (APLLICANT_ABUTTER_ID,ABUTTER_STREET_ADDRESS,APPLICANT_ID) values ('1208','777 Longmeadow Street','A46  ');
Insert into TIZ18015.APPLICANT_ABUTTER (APLLICANT_ABUTTER_ID,ABUTTER_STREET_ADDRESS,APPLICANT_ID) values ('1209','30 Barbara Lane','A46  ');
Insert into TIZ18015.APPLICANT_ABUTTER (APLLICANT_ABUTTER_ID,ABUTTER_STREET_ADDRESS,APPLICANT_ID) values ('1210','763 Longmeadow Street','A47  ');
Insert into TIZ18015.APPLICANT_ABUTTER (APLLICANT_ABUTTER_ID,ABUTTER_STREET_ADDRESS,APPLICANT_ID) values ('1211','15 Parkside Street','A47  ');
Insert into TIZ18015.APPLICANT_ABUTTER (APLLICANT_ABUTTER_ID,ABUTTER_STREET_ADDRESS,APPLICANT_ID) values ('1212','20 Williams Street','A48  ');
Insert into TIZ18015.APPLICANT_ABUTTER (APLLICANT_ABUTTER_ID,ABUTTER_STREET_ADDRESS,APPLICANT_ID) values ('1213','34 Williams Street','A48  ');
Insert into TIZ18015.APPLICANT_ABUTTER (APLLICANT_ABUTTER_ID,ABUTTER_STREET_ADDRESS,APPLICANT_ID) values ('1214','715 Longmeadow Street','A48  ');
Insert into TIZ18015.APPLICANT_ABUTTER (APLLICANT_ABUTTER_ID,ABUTTER_STREET_ADDRESS,APPLICANT_ID) values ('1215','705 Longmeadow Street','A48  ');
Insert into TIZ18015.APPLICANT_ABUTTER (APLLICANT_ABUTTER_ID,ABUTTER_STREET_ADDRESS,APPLICANT_ID) values ('1216','34 Williams Street','A49  ');
Insert into TIZ18015.APPLICANT_ABUTTER (APLLICANT_ABUTTER_ID,ABUTTER_STREET_ADDRESS,APPLICANT_ID) values ('1217','44 Williams Street','A49  ');
Insert into TIZ18015.APPLICANT_ABUTTER (APLLICANT_ABUTTER_ID,ABUTTER_STREET_ADDRESS,APPLICANT_ID) values ('1218','735 Longmeadow Street','A49  ');
Insert into TIZ18015.APPLICANT_ABUTTER (APLLICANT_ABUTTER_ID,ABUTTER_STREET_ADDRESS,APPLICANT_ID) values ('1219','715 Longmeadow Street','A49  ');
Insert into TIZ18015.APPLICANT_ABUTTER (APLLICANT_ABUTTER_ID,ABUTTER_STREET_ADDRESS,APPLICANT_ID) values ('1220','715 Longmeadow Street','A50  ');
Insert into TIZ18015.APPLICANT_ABUTTER (APLLICANT_ABUTTER_ID,ABUTTER_STREET_ADDRESS,APPLICANT_ID) values ('1221','60 Williams Street','A50  ');
Insert into TIZ18015.APPLICANT_ABUTTER (APLLICANT_ABUTTER_ID,ABUTTER_STREET_ADDRESS,APPLICANT_ID) values ('1222','78 Williams Street','A50  ');
Insert into TIZ18015.APPLICANT_ABUTTER (APLLICANT_ABUTTER_ID,ABUTTER_STREET_ADDRESS,APPLICANT_ID) values ('1223','50 Williams Street','A50  ');
Insert into TIZ18015.APPLICANT_ABUTTER (APLLICANT_ABUTTER_ID,ABUTTER_STREET_ADDRESS,APPLICANT_ID) values ('1224','44 Williams Street','A50  ');
Insert into TIZ18015.APPLICANT_ABUTTER (APLLICANT_ABUTTER_ID,ABUTTER_STREET_ADDRESS,APPLICANT_ID) values ('1225','693 Longmeadow Street','A50  ');
Insert into TIZ18015.APPLICANT_ABUTTER (APLLICANT_ABUTTER_ID,ABUTTER_STREET_ADDRESS,APPLICANT_ID) values ('1226','78 Williams Street','A51  ');
Insert into TIZ18015.APPLICANT_ABUTTER (APLLICANT_ABUTTER_ID,ABUTTER_STREET_ADDRESS,APPLICANT_ID) values ('1227','96 Williams Street','A51  ');
Insert into TIZ18015.APPLICANT_ABUTTER (APLLICANT_ABUTTER_ID,ABUTTER_STREET_ADDRESS,APPLICANT_ID) values ('1228','693 Longmeadow Street','A51  ');
Insert into TIZ18015.APPLICANT_ABUTTER (APLLICANT_ABUTTER_ID,ABUTTER_STREET_ADDRESS,APPLICANT_ID) values ('1229','56 Williams Street','A51  ');
Insert into TIZ18015.APPLICANT_ABUTTER (APLLICANT_ABUTTER_ID,ABUTTER_STREET_ADDRESS,APPLICANT_ID) values ('1230','50 Williams Street','A51  ');
Insert into TIZ18015.APPLICANT_ABUTTER (APLLICANT_ABUTTER_ID,ABUTTER_STREET_ADDRESS,APPLICANT_ID) values ('1231','715 Longmeadow Street','A51  ');
Insert into TIZ18015.APPLICANT_ABUTTER (APLLICANT_ABUTTER_ID,ABUTTER_STREET_ADDRESS,APPLICANT_ID) values ('1232','96 Williams Street','A52  ');
Insert into TIZ18015.APPLICANT_ABUTTER (APLLICANT_ABUTTER_ID,ABUTTER_STREET_ADDRESS,APPLICANT_ID) values ('1233','78 Williams Street','A52  ');
Insert into TIZ18015.APPLICANT_ABUTTER (APLLICANT_ABUTTER_ID,ABUTTER_STREET_ADDRESS,APPLICANT_ID) values ('1234','116 Williams Street','A52  ');
Insert into TIZ18015.APPLICANT_ABUTTER (APLLICANT_ABUTTER_ID,ABUTTER_STREET_ADDRESS,APPLICANT_ID) values ('1235','16 Williams Court','A52  ');
Insert into TIZ18015.APPLICANT_ABUTTER (APLLICANT_ABUTTER_ID,ABUTTER_STREET_ADDRESS,APPLICANT_ID) values ('1236','22 Williams Court','A52  ');
Insert into TIZ18015.APPLICANT_ABUTTER (APLLICANT_ABUTTER_ID,ABUTTER_STREET_ADDRESS,APPLICANT_ID) values ('1237','32 Williams Court','A52  ');
Insert into TIZ18015.APPLICANT_ABUTTER (APLLICANT_ABUTTER_ID,ABUTTER_STREET_ADDRESS,APPLICANT_ID) values ('1238','735 Longmeadow Street','A53  ');
Insert into TIZ18015.APPLICANT_ABUTTER (APLLICANT_ABUTTER_ID,ABUTTER_STREET_ADDRESS,APPLICANT_ID) values ('1239','705 Longmeadow Street','A53  ');
Insert into TIZ18015.APPLICANT_ABUTTER (APLLICANT_ABUTTER_ID,ABUTTER_STREET_ADDRESS,APPLICANT_ID) values ('1240','697 Longmeadow Street','A53  ');
Insert into TIZ18015.APPLICANT_ABUTTER (APLLICANT_ABUTTER_ID,ABUTTER_STREET_ADDRESS,APPLICANT_ID) values ('1241','693 Longmeadow Street','A53  ');
Insert into TIZ18015.APPLICANT_ABUTTER (APLLICANT_ABUTTER_ID,ABUTTER_STREET_ADDRESS,APPLICANT_ID) values ('1242','20 Williams Street','A53  ');
Insert into TIZ18015.APPLICANT_ABUTTER (APLLICANT_ABUTTER_ID,ABUTTER_STREET_ADDRESS,APPLICANT_ID) values ('1243','34 Williams Street','A53  ');
Insert into TIZ18015.APPLICANT_ABUTTER (APLLICANT_ABUTTER_ID,ABUTTER_STREET_ADDRESS,APPLICANT_ID) values ('1244','44 Williams Street','A53  ');
Insert into TIZ18015.APPLICANT_ABUTTER (APLLICANT_ABUTTER_ID,ABUTTER_STREET_ADDRESS,APPLICANT_ID) values ('1245','56 Williams Street','A53  ');
Insert into TIZ18015.APPLICANT_ABUTTER (APLLICANT_ABUTTER_ID,ABUTTER_STREET_ADDRESS,APPLICANT_ID) values ('1246','60 Williams Street','A53  ');
Insert into TIZ18015.APPLICANT_ABUTTER (APLLICANT_ABUTTER_ID,ABUTTER_STREET_ADDRESS,APPLICANT_ID) values ('1247','715 Longmeadow Street','A54  ');
Insert into TIZ18015.APPLICANT_ABUTTER (APLLICANT_ABUTTER_ID,ABUTTER_STREET_ADDRESS,APPLICANT_ID) values ('1248','735 Longmeadow Street','A54  ');
Insert into TIZ18015.APPLICANT_ABUTTER (APLLICANT_ABUTTER_ID,ABUTTER_STREET_ADDRESS,APPLICANT_ID) values ('1249','697 Longmeadow Street','A54  ');
Insert into TIZ18015.APPLICANT_ABUTTER (APLLICANT_ABUTTER_ID,ABUTTER_STREET_ADDRESS,APPLICANT_ID) values ('1250','693 Longmeadow Street','A54  ');
Insert into TIZ18015.APPLICANT_ABUTTER (APLLICANT_ABUTTER_ID,ABUTTER_STREET_ADDRESS,APPLICANT_ID) values ('1251','705 Longmeadow Street','A55  ');
Insert into TIZ18015.APPLICANT_ABUTTER (APLLICANT_ABUTTER_ID,ABUTTER_STREET_ADDRESS,APPLICANT_ID) values ('1252','715 Longmeadow Street','A55  ');
Insert into TIZ18015.APPLICANT_ABUTTER (APLLICANT_ABUTTER_ID,ABUTTER_STREET_ADDRESS,APPLICANT_ID) values ('1253','693 Longmeadow Street','A55  ');
Insert into TIZ18015.APPLICANT_ABUTTER (APLLICANT_ABUTTER_ID,ABUTTER_STREET_ADDRESS,APPLICANT_ID) values ('1254','679 Longmeadow Street','A55  ');
Insert into TIZ18015.APPLICANT_ABUTTER (APLLICANT_ABUTTER_ID,ABUTTER_STREET_ADDRESS,APPLICANT_ID) values ('1255','715 Longmeadow Street','A56  ');
Insert into TIZ18015.APPLICANT_ABUTTER (APLLICANT_ABUTTER_ID,ABUTTER_STREET_ADDRESS,APPLICANT_ID) values ('1256','705 Longmeadow Street','A56  ');
Insert into TIZ18015.APPLICANT_ABUTTER (APLLICANT_ABUTTER_ID,ABUTTER_STREET_ADDRESS,APPLICANT_ID) values ('1257','697 Longmeadow Street','A56  ');
Insert into TIZ18015.APPLICANT_ABUTTER (APLLICANT_ABUTTER_ID,ABUTTER_STREET_ADDRESS,APPLICANT_ID) values ('1258','695 Longmeadow Street','A56  ');
Insert into TIZ18015.APPLICANT_ABUTTER (APLLICANT_ABUTTER_ID,ABUTTER_STREET_ADDRESS,APPLICANT_ID) values ('1259','663 Longmeadow Street','A56  ');
Insert into TIZ18015.APPLICANT_ABUTTER (APLLICANT_ABUTTER_ID,ABUTTER_STREET_ADDRESS,APPLICANT_ID) values ('1260','65 York Drive','A56  ');
Insert into TIZ18015.APPLICANT_ABUTTER (APLLICANT_ABUTTER_ID,ABUTTER_STREET_ADDRESS,APPLICANT_ID) values ('1261','85 York Drive','A56  ');
Insert into TIZ18015.APPLICANT_ABUTTER (APLLICANT_ABUTTER_ID,ABUTTER_STREET_ADDRESS,APPLICANT_ID) values ('1262','95 York Drive','A56  ');
Insert into TIZ18015.APPLICANT_ABUTTER (APLLICANT_ABUTTER_ID,ABUTTER_STREET_ADDRESS,APPLICANT_ID) values ('1263','120 York Drive','A56  ');
Insert into TIZ18015.APPLICANT_ABUTTER (APLLICANT_ABUTTER_ID,ABUTTER_STREET_ADDRESS,APPLICANT_ID) values ('1264','131 Wenonah Drive','A56  ');
Insert into TIZ18015.APPLICANT_ABUTTER (APLLICANT_ABUTTER_ID,ABUTTER_STREET_ADDRESS,APPLICANT_ID) values ('1265','139 Wenonah Drive','A56  ');
Insert into TIZ18015.APPLICANT_ABUTTER (APLLICANT_ABUTTER_ID,ABUTTER_STREET_ADDRESS,APPLICANT_ID) values ('1266','90 Dartmouth Road','A56  ');
Insert into TIZ18015.APPLICANT_ABUTTER (APLLICANT_ABUTTER_ID,ABUTTER_STREET_ADDRESS,APPLICANT_ID) values ('1267','60 Eastham Lane','A56  ');
Insert into TIZ18015.APPLICANT_ABUTTER (APLLICANT_ABUTTER_ID,ABUTTER_STREET_ADDRESS,APPLICANT_ID) values ('1268','40 Eastham Lane','A56  ');
Insert into TIZ18015.APPLICANT_ABUTTER (APLLICANT_ABUTTER_ID,ABUTTER_STREET_ADDRESS,APPLICANT_ID) values ('1269','28 Eastham Lane','A56  ');
Insert into TIZ18015.APPLICANT_ABUTTER (APLLICANT_ABUTTER_ID,ABUTTER_STREET_ADDRESS,APPLICANT_ID) values ('1270','31 Williams CT','A56  ');
Insert into TIZ18015.APPLICANT_ABUTTER (APLLICANT_ABUTTER_ID,ABUTTER_STREET_ADDRESS,APPLICANT_ID) values ('1271','32 Williams CT','A56  ');
Insert into TIZ18015.APPLICANT_ABUTTER (APLLICANT_ABUTTER_ID,ABUTTER_STREET_ADDRESS,APPLICANT_ID) values ('1272','23 Williams CT','A56  ');
Insert into TIZ18015.APPLICANT_ABUTTER (APLLICANT_ABUTTER_ID,ABUTTER_STREET_ADDRESS,APPLICANT_ID) values ('1273','22 Williams CT','A56  ');
Insert into TIZ18015.APPLICANT_ABUTTER (APLLICANT_ABUTTER_ID,ABUTTER_STREET_ADDRESS,APPLICANT_ID) values ('1274','96 Williams Street','A56  ');
Insert into TIZ18015.APPLICANT_ABUTTER (APLLICANT_ABUTTER_ID,ABUTTER_STREET_ADDRESS,APPLICANT_ID) values ('1275','60 Williams Street','A56  ');
Insert into TIZ18015.APPLICANT_ABUTTER (APLLICANT_ABUTTER_ID,ABUTTER_STREET_ADDRESS,APPLICANT_ID) values ('1276','56 Williams Street','A56  ');
Insert into TIZ18015.APPLICANT_ABUTTER (APLLICANT_ABUTTER_ID,ABUTTER_STREET_ADDRESS,APPLICANT_ID) values ('1277','693 Longmeadow Street','A57  ');
Insert into TIZ18015.APPLICANT_ABUTTER (APLLICANT_ABUTTER_ID,ABUTTER_STREET_ADDRESS,APPLICANT_ID) values ('1278','697 Longmeadow Street','A57  ');
Insert into TIZ18015.APPLICANT_ABUTTER (APLLICANT_ABUTTER_ID,ABUTTER_STREET_ADDRESS,APPLICANT_ID) values ('1279','695 Longmeadow Street','A57  ');
Insert into TIZ18015.APPLICANT_ABUTTER (APLLICANT_ABUTTER_ID,ABUTTER_STREET_ADDRESS,APPLICANT_ID) values ('1280','663 Longmeadow Street','A57  ');
Insert into TIZ18015.APPLICANT_ABUTTER (APLLICANT_ABUTTER_ID,ABUTTER_STREET_ADDRESS,APPLICANT_ID) values ('1281','655 Longmeadow Street','A57  ');
Insert into TIZ18015.APPLICANT_ABUTTER (APLLICANT_ABUTTER_ID,ABUTTER_STREET_ADDRESS,APPLICANT_ID) values ('1282','65 York Drive','A57  ');
Insert into TIZ18015.APPLICANT_ABUTTER (APLLICANT_ABUTTER_ID,ABUTTER_STREET_ADDRESS,APPLICANT_ID) values ('1283','679 Longmeadow Street','A58  ');
Insert into TIZ18015.APPLICANT_ABUTTER (APLLICANT_ABUTTER_ID,ABUTTER_STREET_ADDRESS,APPLICANT_ID) values ('1284','693 Longmeadow Street','A58  ');
Insert into TIZ18015.APPLICANT_ABUTTER (APLLICANT_ABUTTER_ID,ABUTTER_STREET_ADDRESS,APPLICANT_ID) values ('1285','655 Longmeadow Street','A58  ');
Insert into TIZ18015.APPLICANT_ABUTTER (APLLICANT_ABUTTER_ID,ABUTTER_STREET_ADDRESS,APPLICANT_ID) values ('1286','695 Longmeadow Street','A58  ');
Insert into TIZ18015.APPLICANT_ABUTTER (APLLICANT_ABUTTER_ID,ABUTTER_STREET_ADDRESS,APPLICANT_ID) values ('1287','65 York Drive','A58  ');
Insert into TIZ18015.APPLICANT_ABUTTER (APLLICANT_ABUTTER_ID,ABUTTER_STREET_ADDRESS,APPLICANT_ID) values ('1288','20 Williams Street','A58  ');
Insert into TIZ18015.APPLICANT_ABUTTER (APLLICANT_ABUTTER_ID,ABUTTER_STREET_ADDRESS,APPLICANT_ID) values ('1289','663 Longmeadow Street','A59  ');
Insert into TIZ18015.APPLICANT_ABUTTER (APLLICANT_ABUTTER_ID,ABUTTER_STREET_ADDRESS,APPLICANT_ID) values ('1290','679 Longmeadow Street','A59  ');
Insert into TIZ18015.APPLICANT_ABUTTER (APLLICANT_ABUTTER_ID,ABUTTER_STREET_ADDRESS,APPLICANT_ID) values ('1291','20 Williams Street','A59  ');
Insert into TIZ18015.APPLICANT_ABUTTER (APLLICANT_ABUTTER_ID,ABUTTER_STREET_ADDRESS,APPLICANT_ID) values ('1292','65 York Drive','A59  ');
--------------------------------------------------------
--  DDL for Index NON_RESIDENT_APPLICANT_PK
--------------------------------------------------------

  CREATE UNIQUE INDEX "TIZ18015"."NON_RESIDENT_APPLICANT_PK" ON "TIZ18015"."NON_RESIDENT_APPLICANT" ("NON_RESIDENT_STREET") 
  PCTFREE 10 INITRANS 2 MAXTRANS 255 COMPUTE STATISTICS 
  STORAGE(INITIAL 65536 NEXT 1048576 MINEXTENTS 1 MAXEXTENTS 2147483645
  PCTINCREASE 0 FREELISTS 1 FREELIST GROUPS 1
  BUFFER_POOL DEFAULT FLASH_CACHE DEFAULT CELL_FLASH_CACHE DEFAULT)
  TABLESPACE "USERS" ;
--------------------------------------------------------
--  DDL for Index NON_RESIDENT_ABUTTERS_PK
--------------------------------------------------------

  CREATE UNIQUE INDEX "TIZ18015"."NON_RESIDENT_ABUTTERS_PK" ON "TIZ18015"."NON_RESIDENT_ABUTTERS" ("NR_ABUTTER_STREET") 
  PCTFREE 10 INITRANS 2 MAXTRANS 255 COMPUTE STATISTICS 
  STORAGE(INITIAL 65536 NEXT 1048576 MINEXTENTS 1 MAXEXTENTS 2147483645
  PCTINCREASE 0 FREELISTS 1 FREELIST GROUPS 1
  BUFFER_POOL DEFAULT FLASH_CACHE DEFAULT CELL_FLASH_CACHE DEFAULT)
  TABLESPACE "USERS" ;
--------------------------------------------------------
--  DDL for Index APPLICANT_ADDRESS_PK
--------------------------------------------------------

  CREATE UNIQUE INDEX "TIZ18015"."APPLICANT_ADDRESS_PK" ON "TIZ18015"."APPLICANT_ADDRESS" ("APPLICANT_ID") 
  PCTFREE 10 INITRANS 2 MAXTRANS 255 COMPUTE STATISTICS 
  STORAGE(INITIAL 65536 NEXT 1048576 MINEXTENTS 1 MAXEXTENTS 2147483645
  PCTINCREASE 0 FREELISTS 1 FREELIST GROUPS 1
  BUFFER_POOL DEFAULT FLASH_CACHE DEFAULT CELL_FLASH_CACHE DEFAULT)
  TABLESPACE "USERS" ;
--------------------------------------------------------
--  DDL for Index ABUTTERS_PK
--------------------------------------------------------

  CREATE UNIQUE INDEX "TIZ18015"."ABUTTERS_PK" ON "TIZ18015"."ABUTTERS" ("ABUTTER_STREET_ADDRESS") 
  PCTFREE 10 INITRANS 2 MAXTRANS 255 COMPUTE STATISTICS 
  STORAGE(INITIAL 65536 NEXT 1048576 MINEXTENTS 1 MAXEXTENTS 2147483645
  PCTINCREASE 0 FREELISTS 1 FREELIST GROUPS 1
  BUFFER_POOL DEFAULT FLASH_CACHE DEFAULT CELL_FLASH_CACHE DEFAULT)
  TABLESPACE "USERS" ;
--------------------------------------------------------
--  Constraints for Table NON_RESIDENT_APPLICANT
--------------------------------------------------------

  ALTER TABLE "TIZ18015"."NON_RESIDENT_APPLICANT" ADD CONSTRAINT "NON_RESIDENT_APPLICANT_PK" PRIMARY KEY ("NON_RESIDENT_STREET")
  USING INDEX PCTFREE 10 INITRANS 2 MAXTRANS 255 COMPUTE STATISTICS 
  STORAGE(INITIAL 65536 NEXT 1048576 MINEXTENTS 1 MAXEXTENTS 2147483645
  PCTINCREASE 0 FREELISTS 1 FREELIST GROUPS 1
  BUFFER_POOL DEFAULT FLASH_CACHE DEFAULT CELL_FLASH_CACHE DEFAULT)
  TABLESPACE "USERS"  ENABLE;
--------------------------------------------------------
--  Constraints for Table NON_RESIDENT_ABUTTERS
--------------------------------------------------------

  ALTER TABLE "TIZ18015"."NON_RESIDENT_ABUTTERS" ADD CONSTRAINT "NON_RESIDENT_ABUTTERS_PK" PRIMARY KEY ("NR_ABUTTER_STREET")
  USING INDEX PCTFREE 10 INITRANS 2 MAXTRANS 255 COMPUTE STATISTICS 
  STORAGE(INITIAL 65536 NEXT 1048576 MINEXTENTS 1 MAXEXTENTS 2147483645
  PCTINCREASE 0 FREELISTS 1 FREELIST GROUPS 1
  BUFFER_POOL DEFAULT FLASH_CACHE DEFAULT CELL_FLASH_CACHE DEFAULT)
  TABLESPACE "USERS"  ENABLE;
--------------------------------------------------------
--  Constraints for Table APPLICANT_ADDRESS
--------------------------------------------------------

  ALTER TABLE "TIZ18015"."APPLICANT_ADDRESS" ADD CONSTRAINT "APPLICANT_ADDRESS_PK" PRIMARY KEY ("APPLICANT_ID")
  USING INDEX PCTFREE 10 INITRANS 2 MAXTRANS 255 COMPUTE STATISTICS 
  STORAGE(INITIAL 65536 NEXT 1048576 MINEXTENTS 1 MAXEXTENTS 2147483645
  PCTINCREASE 0 FREELISTS 1 FREELIST GROUPS 1
  BUFFER_POOL DEFAULT FLASH_CACHE DEFAULT CELL_FLASH_CACHE DEFAULT)
  TABLESPACE "USERS"  ENABLE;
--------------------------------------------------------
--  Constraints for Table ABUTTERS
--------------------------------------------------------

  ALTER TABLE "TIZ18015"."ABUTTERS" ADD CONSTRAINT "ABUTTERS_PK" PRIMARY KEY ("ABUTTER_STREET_ADDRESS")
  USING INDEX PCTFREE 10 INITRANS 2 MAXTRANS 255 COMPUTE STATISTICS 
  STORAGE(INITIAL 65536 NEXT 1048576 MINEXTENTS 1 MAXEXTENTS 2147483645
  PCTINCREASE 0 FREELISTS 1 FREELIST GROUPS 1
  BUFFER_POOL DEFAULT FLASH_CACHE DEFAULT CELL_FLASH_CACHE DEFAULT)
  TABLESPACE "USERS"  ENABLE;
--------------------------------------------------------
--  Ref Constraints for Table APPLICANT_ADDRESS
--------------------------------------------------------

  ALTER TABLE "TIZ18015"."APPLICANT_ADDRESS" ADD CONSTRAINT "FK_TO_NON_RESIDENT_APPLICANT" FOREIGN KEY ("NON_RESIDENT_STREET")
	  REFERENCES "TIZ18015"."NON_RESIDENT_APPLICANT" ("NON_RESIDENT_STREET") ENABLE;
--------------------------------------------------------
--  Ref Constraints for Table ABUTTERS
--------------------------------------------------------

  ALTER TABLE "TIZ18015"."ABUTTERS" ADD CONSTRAINT "FK_TO_ABUTTERS" FOREIGN KEY ("NR_ABUTTER_STREET")
	  REFERENCES "TIZ18015"."NON_RESIDENT_ABUTTERS" ("NR_ABUTTER_STREET") ENABLE;
--------------------------------------------------------
--  Ref Constraints for Table APPLICANT_ABUTTER
--------------------------------------------------------

  ALTER TABLE "TIZ18015"."APPLICANT_ABUTTER" ADD CONSTRAINT "FK_TO_APPLICANT_ABUTTER" FOREIGN KEY ("ABUTTER_STREET_ADDRESS")
	  REFERENCES "TIZ18015"."ABUTTERS" ("ABUTTER_STREET_ADDRESS") ENABLE;
  ALTER TABLE "TIZ18015"."APPLICANT_ABUTTER" ADD CONSTRAINT "FK_TO_APPLICANT_ABUTTER2" FOREIGN KEY ("APPLICANT_ID")
	  REFERENCES "TIZ18015"."APPLICANT_ADDRESS" ("APPLICANT_ID") ENABLE;
